Character	MostCommon	C1	C2	C3	C4	C5	C6	C7	C8	C9	C10	C11	C12	C13	C14	C15	C16	C17	C18	C19	C20	C21	C22	C23	C24	C25	C26	C27	C28	C29	C30	C31	C32	C33	C34	C35	C36	C37	C38	C39	C40	C41	C42	C43	C44	C45	C46	C47	C48	C49	C50
Anna Weston	Emma Woodhouse	Emma Woodhouse	Frank Churchill	George Knightley	Isabella Knightley	Jane Fairfax	Mr. Weston	Mr. Woodhouse	Philip Elton	Robert Martin	Edmund Bertram	Augusta Elton	Emma Woodhouse	Frank Churchill	George Knightley	Harriet Smith	Jane Fairfax	Mr. Weston	Mr. Woodhouse	Philip Elton	Robert Martin	Augusta Elton	Emma Woodhouse	Frank Churchill	George Knightley	Harriet Smith	Isabella Knightley	Jane Fairfax	John Knightley	Miss Bates	Mr. Weston	Emma Woodhouse	George Knightley	Mr. Weston	Mr. Woodhouse	Philip Elton	Robert Martin	Dr. Grant	Edmund Bertram	Fanny Price	Henry Crawford	Emma Woodhouse	George Knightley	Isabella Knightley	Mr. Weston	Mr. Woodhouse	Philip Elton	Robert Martin	Edmund Bertram	Fanny Price	Sir Thomas Bertram
Augusta Elton	Emma Woodhouse	Emma Woodhouse	Philip Elton	Mrs. Norris	Mrs. Thorpe	Elizabeth Elliot	Lady Russell	Mrs. Clay	Sir Walter Elliot	Lady Catherine de Bourgh	William Collins	Caroline Bingley	Charlotte Lucas	Lady Catherine de Bourgh	Mrs. Hurst	Mr. Hurst	Mrs. Phillips	Anne Steele	Charlotte Palmer	Fanny Dashwood	Lucy Steele	Philip Elton	Anna Weston	Augusta Elton	Emma Woodhouse	Frank Churchill	George Knightley	Harriet Smith	Isabella Knightley	Jane Fairfax	John Knightley	Miss Bates	Emma Woodhouse	Philip Elton	Mary Crawford	Mrs. Norris	Mrs. Thorpe	Lady Russell	Mrs. Clay	Lady Catherine de Bourgh	Mrs. Hurst	Fanny Dashwood
Emma Woodhouse	George Knightley	Frank Churchill	George Knightley	Harriet Smith	Jane Fairfax	Miss Bates	Mr. Weston	Mr. Woodhouse	Mr. Perry	Mrs. Cole	Philip Elton	Frank Churchill	George Knightley	Harriet Smith	Jane Fairfax	Miss Bates	Mr. Woodhouse	Philip Elton	Robert Martin	Dr. Grant	Edmund Bertram	Frank Churchill	George Knightley	Harriet Smith	Jane Fairfax	John Knightley	Miss Bates	Mr. Weston	Mr. Woodhouse	Mr. Perry	Philip Elton	Anna Weston	Augusta Elton	George Knightley	Harriet Smith	Jane Fairfax	Miss Bates	Mr. Weston	Mr. Woodhouse	Philip Elton	Robert Martin	Anna Weston	Augusta Elton	George Knightley	Harriet Smith	Jane Fairfax	Miss Bates	Mr. Woodhouse	Philip Elton	Robert Martin	Dr. Grant
Frank Churchill	Miss Bates	Anna Weston	Augusta Elton	Emma Woodhouse	Frank Churchill	George Knightley	Harriet Smith	Isabella Knightley	Jane Fairfax	John Knightley	Miss Bates	Anna Weston	Henry Crawford	Augusta Elton	Mary Crawford	Emma Woodhouse	Julia Bertram	Frank Churchill	Maria Bertram	George Knightley	Mr. Rushworth	Harriet Smith	Mr. Yates	Isabella Knightley	John Thorpe	Jane Fairfax	Captain Benwick	John Knightley	Captain Wentworth	Miss Bates	John Willoughby	Anna Weston	Miss Bates	Augusta Elton	Mrs. Cole	Emma Woodhouse	Philip Elton	Frank Churchill	Edmund Bertram	George Knightley	Henry Crawford	Harriet Smith	Mary Crawford	Isabella Knightley	Mr. Yates	Jane Fairfax	John Thorpe	John Knightley	Captain Benwick	Miss Bates	John Willoughby	Anna Weston	Henry Crawford	Augusta Elton	Mary Crawford	Emma Woodhouse	Mr. Rushworth	Frank Churchill	Mr. Yates	George Knightley	John Thorpe	Harriet Smith	Captain Benwick	Isabella Knightley	Captain Harville	Jane Fairfax	Captain Wentworth	John Knightley	George Wickham	Miss Bates	John Willoughby	Anna Weston	Augusta Elton	Emma Woodhouse	Frank Churchill	George Knightley	Harriet Smith	Isabella Knightley	Jane Fairfax	John Knightley	Miss Bates
George Knightley	Frank Churchill	Frank Churchill	Jane Fairfax	John Knightley	Edmund Bertram	Fanny Price	Henry Crawford	Sir Thomas Bertram	Tom Bertram	Henry Tilney	Captain Wentworth	Frank Churchill	John Knightley	Mr. Weston	Edmund Bertram	Sir Thomas Bertram	General Tilney	Elizabeth Elliot	Captain Wentworth	Fitzwilliam Darcy	Colonel Brandon	Frank Churchill	Jane Fairfax	John Knightley	Mr. Woodhouse	Edmund Bertram	Henry Crawford	Sir Thomas Bertram	Henry Tilney	Anne Elliot	Fitzwilliam Darcy	Frank Churchill	Jane Fairfax	John Knightley	Edmund Bertram	Fanny Price	Henry Crawford	Sir Thomas Bertram	Tom Bertram	Henry Tilney	Captain Wentworth	Frank Churchill	John Knightley	Mr. Weston	Mr. Woodhouse	Edmund Bertram	Sir Thomas Bertram	Henry Tilney	Charles Musgrove	Elizabeth Elliot	Fitzwilliam Darcy
Harriet Smith	Emma Woodhouse	Emma Woodhouse	Isabella Knightley	Jane Fairfax	Robert Martin	Fanny Price	Julia Bertram	Maria Bertram	Susan Price	Catherine Morland	Isabella Thorpe	Emma Woodhouse	Isabella Knightley	Jane Fairfax	Robert Martin	Fanny Price	Julia Bertram	Maria Bertram	Susan Price	Catherine Morland	Isabella Thorpe	Anna Weston	Augusta Elton	Emma Woodhouse	Frank Churchill	George Knightley	Harriet Smith	Isabella Knightley	Jane Fairfax	John Knightley	Miss Bates	Emma Woodhouse	Isabella Knightley	Jane Fairfax	Robert Martin	Fanny Price	Julia Bertram	Maria Bertram	Susan Price	Henrietta Musgrove	Louisa Musgrove	Emma Woodhouse	Isabella Knightley	Jane Fairfax	Robert Martin	Fanny Price	Julia Bertram	Maria Bertram	Susan Price	Catherine Morland	Isabella Thorpe
Isabella Knightley	Jane Fairfax	Jane Fairfax	John Knightley	Mr. Woodhouse	Fanny Price	Maria Bertram	Susan Price	Catherine Morland	Mrs. Morland	Henrietta Musgrove	Jane Bennet	Anna Weston	Harriet Smith	Jane Fairfax	John Knightley	Mr. Woodhouse	Mr. Perry	Philip Elton	Robert Martin	Dr. Grant	Edmund Bertram	Anna Weston	Harriet Smith	Jane Fairfax	John Knightley	Mr. Woodhouse	Mr. Perry	Mrs. Cole	Philip Elton	Robert Martin	Dr. Grant	Anna Weston	Harriet Smith	Jane Fairfax	John Knightley	Mr. Woodhouse	Edmund Bertram	Fanny Price	Julia Bertram	Lady Bertram	Maria Bertram	Harriet Smith	Jane Fairfax	John Knightley	Mr. Woodhouse	Edmund Bertram	Fanny Price	Julia Bertram	Maria Bertram	Susan Price	William Price
Jane Fairfax	Edmund Bertram	Emma Woodhouse	Isabella Knightley	Edmund Bertram	Fanny Price	Julia Bertram	Lady Bertram	Maria Bertram	Mary Crawford	Mrs. Grant	Mrs. Norris	Emma Woodhouse	Isabella Knightley	Edmund Bertram	Fanny Price	Julia Bertram	Maria Bertram	Mary Crawford	Mrs. Grant	Susan Price	Catherine Morland	Frank Churchill	Edmund Bertram	Fanny Price	Mary Crawford	Catherine Morland	Eleanor Tilney	Henry Tilney	Anne Elliot	Elizabeth Bennet	Elinor Dashwood	Emma Woodhouse	Isabella Knightley	Jane Fairfax	Edmund Bertram	Fanny Price	Julia Bertram	Maria Bertram	Mary Crawford	Susan Price	Catherine Morland	Emma Woodhouse	Isabella Knightley	Edmund Bertram	Fanny Price	Julia Bertram	Lady Bertram	Maria Bertram	Mary Crawford	Mrs. Grant	Eleanor Tilney
John Knightley	George Knightley	Anna Weston	Augusta Elton	Emma Woodhouse	Frank Churchill	George Knightley	Harriet Smith	Isabella Knightley	Jane Fairfax	John Knightley	Miss Bates	Frank Churchill	George Knightley	Isabella Knightley	Jane Fairfax	Miss Bates	Mr. Woodhouse	Robert Martin	Edmund Bertram	Sir Thomas Bertram	Elizabeth Elliot	Anna Weston	Augusta Elton	Emma Woodhouse	Frank Churchill	George Knightley	Harriet Smith	Isabella Knightley	Jane Fairfax	John Knightley	Miss Bates	Anna Weston	George Knightley	Augusta Elton	Isabella Knightley	Emma Woodhouse	Mr. Woodhouse	Frank Churchill	Sir Thomas Bertram	George Knightley	Sir Walter Elliot	Harriet Smith	Mr. Bennet	Isabella Knightley	Mrs. Bennet	Jane Fairfax	Lady Middleton	John Knightley	Sir John Middleton	Miss Bates	Thomas Palmer	Anna Weston	Augusta Elton	Emma Woodhouse	Frank Churchill	George Knightley	Harriet Smith	Isabella Knightley	Jane Fairfax	John Knightley	Miss Bates
Miss Bates	Augusta Elton	Augusta Elton	Mrs. Cole	Mrs. Norris	Mr. Allen	Mrs. Allen	Mrs. Morland	Mrs. Thorpe	Mrs. Musgrove	Mrs. Smith	Mrs. Phillips	Augusta Elton	Mrs. Cole	Mrs. Norris	Mrs. Price	Mrs. Allen	Mrs. Thorpe	Mrs. Musgrove	Mrs. Bennet	Mrs. Phillips	Mrs. Jennings	Augusta Elton	Miss Bates	Mrs. Cole	Philip Elton	Mrs. Norris	Mrs. Price	Mrs. Thorpe	Mrs. Clay	Mrs. Smith	Mrs. Phillips	Augusta Elton	Miss Bates	Mrs. Cole	Mrs. Grant	Mrs. Norris	Mrs. Price	Mrs. Allen	Mrs. Thorpe	Mrs. Clay	Mrs. Phillips	Augusta Elton	Mrs. Cole	Mary Crawford	Mrs. Grant	Mrs. Norris	Mrs. Allen	Mrs. Thorpe	Mrs. Clay	Mrs. Gardiner	Mrs. Phillips
Mr. Weston	George Knightley	Frank Churchill	George Knightley	Isabella Knightley	Jane Fairfax	John Knightley	Mr. Woodhouse	Mr. Perry	Mrs. Cole	Philip Elton	Robert Martin	Emma Woodhouse	George Knightley	Isabella Knightley	John Knightley	Mr. Woodhouse	Mr. Perry	Mrs. Cole	Philip Elton	Robert Martin	Dr. Grant	Frank Churchill	George Knightley	Harriet Smith	Jane Fairfax	Miss Bates	Mr. Woodhouse	Mrs. Cole	Philip Elton	Robert Martin	Dr. Grant	Frank Churchill	George Knightley	Mr. Woodhouse	Philip Elton	Robert Martin	Dr. Grant	Edmund Bertram	Mr. Rushworth	Sir Thomas Bertram	Elizabeth Elliot	Frank Churchill	George Knightley	Isabella Knightley	John Knightley	Mr. Woodhouse	Mr. Perry	Philip Elton	Robert Martin	Mrs. Cole	Miss Bates
Mr. Woodhouse	Emma Woodhouse	Anna Weston	Augusta Elton	Emma Woodhouse	Frank Churchill	George Knightley	Harriet Smith	Isabella Knightley	Jane Fairfax	John Knightley	Miss Bates	Emma Woodhouse	George Knightley	Isabella Knightley	John Knightley	Mr. Weston	Mr. Perry	Philip Elton	Robert Martin	Lieutenant Price	Mr. Rushworth	Emma Woodhouse	George Knightley	Harriet Smith	Isabella Knightley	Miss Bates	Mr. Weston	Mr. Perry	Mrs. Cole	Philip Elton	Robert Martin	Anna Weston	Augusta Elton	Emma Woodhouse	Frank Churchill	George Knightley	Harriet Smith	Isabella Knightley	Jane Fairfax	John Knightley	Miss Bates	Anna Weston	Augusta Elton	Emma Woodhouse	Frank Churchill	George Knightley	Harriet Smith	Isabella Knightley	Jane Fairfax	John Knightley	Miss Bates
Mr. Perry	Anna Weston	Anna Weston	Augusta Elton	Emma Woodhouse	Frank Churchill	George Knightley	Harriet Smith	Isabella Knightley	Jane Fairfax	John Knightley	Miss Bates	Anna Weston	Augusta Elton	Emma Woodhouse	Frank Churchill	George Knightley	Harriet Smith	Isabella Knightley	Jane Fairfax	John Knightley	Miss Bates	Anna Weston	Augusta Elton	Emma Woodhouse	Frank Churchill	George Knightley	Harriet Smith	Isabella Knightley	Jane Fairfax	John Knightley	Miss Bates	Anna Weston	Augusta Elton	Emma Woodhouse	Frank Churchill	George Knightley	Harriet Smith	Isabella Knightley	Jane Fairfax	John Knightley	Miss Bates	Anna Weston	Augusta Elton	Emma Woodhouse	Frank Churchill	George Knightley	Harriet Smith	Isabella Knightley	Jane Fairfax	John Knightley	Miss Bates
Mrs. Cole	Augusta Elton	Anna Weston	Augusta Elton	Emma Woodhouse	Frank Churchill	George Knightley	Harriet Smith	Isabella Knightley	Jane Fairfax	John Knightley	Miss Bates	Anna Weston	Augusta Elton	Emma Woodhouse	Frank Churchill	George Knightley	Harriet Smith	Isabella Knightley	Jane Fairfax	John Knightley	Miss Bates	Augusta Elton	Miss Bates	Mrs. Cole	Mr. Rushworth	Mrs. Norris	Mrs. Thorpe	Mrs. Clay	Mrs. Harville	Mrs. Musgrove	Mrs. Phillips	Anna Weston	Augusta Elton	Emma Woodhouse	Frank Churchill	George Knightley	Harriet Smith	Isabella Knightley	Jane Fairfax	John Knightley	Miss Bates	Anna Weston	Augusta Elton	Emma Woodhouse	Frank Churchill	George Knightley	Harriet Smith	Isabella Knightley	Jane Fairfax	John Knightley	Miss Bates
Philip Elton	Augusta Elton	Augusta Elton	Emma Woodhouse	Frank Churchill	Jane Fairfax	Mrs. Cole	Robert Martin	Edmund Bertram	Henry Crawford	Mary Crawford	Mr. Rushworth	Augusta Elton	Emma Woodhouse	Frank Churchill	George Knightley	Jane Fairfax	Mrs. Cole	Robert Martin	Edmund Bertram	Julia Bertram	Mary Crawford	Augusta Elton	Emma Woodhouse	Frank Churchill	George Knightley	Harriet Smith	Jane Fairfax	Mrs. Cole	Robert Martin	Dr. Grant	Edmund Bertram	Augusta Elton	Emma Woodhouse	Frank Churchill	George Knightley	Jane Fairfax	Mrs. Cole	Robert Martin	Dr. Grant	Edmund Bertram	Augusta Elton	Frank Churchill	Jane Fairfax	Mrs. Cole	Robert Martin	Dr. Grant	Edmund Bertram	Henry Crawford	Julia Bertram	Mary Crawford
Robert Martin	Harriet Smith	Emma Woodhouse	Harriet Smith	Philip Elton	Robert Martin	Edmund Bertram	Fanny Price	Julia Bertram	Maria Bertram	Mr. Rushworth	Susan Price	Frank Churchill	Harriet Smith	Jane Fairfax	Miss Bates	Mrs. Cole	Philip Elton	Dr. Grant	Edmund Bertram	Henry Crawford	Harriet Smith	Philip Elton	Dr. Grant	Edmund Bertram	Mr. Rushworth	Mr. Yates	Sir Thomas Bertram	Tom Bertram	Charles Hayter	Charles Musgrove	Anna Weston	Augusta Elton	Emma Woodhouse	Frank Churchill	George Knightley	Harriet Smith	Isabella Knightley	Jane Fairfax	John Knightley	Miss Bates	Emma Woodhouse
Dr. Grant	Anna Weston	Anna Weston	Augusta Elton	Emma Woodhouse	Frank Churchill	George Knightley	Harriet Smith	Isabella Knightley	Jane Fairfax	John Knightley	Miss Bates	Anna Weston	Augusta Elton	Emma Woodhouse	Frank Churchill	George Knightley	Harriet Smith	Isabella Knightley	Jane Fairfax	John Knightley	Miss Bates	Anna Weston	Augusta Elton	Emma Woodhouse	Frank Churchill	George Knightley	Harriet Smith	Isabella Knightley	Jane Fairfax	John Knightley	Miss Bates	Mrs. Grant	Mrs. Norris	Sir Thomas Bertram	General Tilney	Lady Russell	Sir Walter Elliot	Lady Catherine de Bourgh	Lady Lucas	Lady Middleton	Sir John Middleton	Anna Weston	Augusta Elton	Emma Woodhouse	Frank Churchill	George Knightley	Harriet Smith	Isabella Knightley	Jane Fairfax	John Knightley	Miss Bates
Edmund Bertram	Anna Weston	Fanny Price	Henry Crawford	Julia Bertram	Lady Bertram	Maria Bertram	Mary Crawford	Mrs. Norris	Sir Thomas Bertram	Tom Bertram	William Price	Anna Weston	Augusta Elton	Emma Woodhouse	Frank Churchill	George Knightley	Harriet Smith	Isabella Knightley	Jane Fairfax	John Knightley	Miss Bates	Anna Weston	Augusta Elton	Emma Woodhouse	Frank Churchill	George Knightley	Harriet Smith	Isabella Knightley	Jane Fairfax	John Knightley	Miss Bates	Anna Weston	Augusta Elton	Emma Woodhouse	Frank Churchill	George Knightley	Harriet Smith	Isabella Knightley	Jane Fairfax	John Knightley	Miss Bates	Anna Weston	Augusta Elton	Frank Churchill	George Knightley	Harriet Smith	Isabella Knightley	Jane Fairfax	John Knightley	Miss Bates
Fanny Price	Elinor Dashwood	Elinor Dashwood	Marianne Dashwood	Catherine Morland	Anne Elliot	Elizabeth Bennet	Jane Bennet	Fanny Dashwood	Mrs. Dashwood	Eleanor Tilney	Susan Price	Elinor Dashwood	Elinor Dashwood	Fanny Dashwood	Margaret Dashwood	Marianne Dashwood	Mrs. Dashwood	Catherine Morland	Eleanor Tilney	Frederick Tilney	Henry Tilney	Isabella Thorpe	Elinor Dashwood	Marianne Dashwood	Catherine Morland	Anne Elliot	Elizabeth Bennet	Jane Bennet	Eleanor Tilney	Henrietta Musgrove	Louisa Musgrove	Susan Price	Elinor Dashwood	Fanny Dashwood	Margaret Dashwood	Marianne Dashwood	Mrs. Dashwood	Mrs. Jennings	Robert Ferrars	Sir John Middleton	Thomas Palmer
Henry Crawford	Frank Churchill	Frank Churchill	Miss Bates	Philip Elton	Julia Bertram	Maria Bertram	Mary Crawford	Mr. Rushworth	Mr. Yates	Mrs. Norris	John Willoughby	Frank Churchill	Philip Elton	Julia Bertram	Maria Bertram	Mary Crawford	Mr. Rushworth	Mr. Yates	John Thorpe	William Elliot	John Willoughby	Frank Churchill	Miss Bates	Philip Elton	Edmund Bertram	Julia Bertram	Maria Bertram	Mary Crawford	Mr. Rushworth	Mr. Yates	Tom Bertram	Frank Churchill	Philip Elton	Julia Bertram	Maria Bertram	Mary Crawford	Mr. Rushworth	Mr. Yates	John Thorpe	William Elliot	John Willoughby	Frank Churchill	Miss Bates	Philip Elton	Julia Bertram	Maria Bertram	Mary Crawford	Mr. Rushworth	Mr. Yates	John Thorpe	Mrs. Thorpe
Julia Bertram	Maria Bertram	Maria Bertram	Edmund Bertram	Lady Bertram	Mary Crawford	Sir Thomas Bertram	Tom Bertram	Mr. Rushworth	Mr. Yates	Mrs. Grant	Mrs. Norris	Maria Bertram	Mary Crawford	Edmund Bertram	Lady Bertram	Sir Thomas Bertram	Tom Bertram	Susan Price	Henry Crawford	Mr. Rushworth	Mr. Yates	Lady Bertram	Maria Bertram	Edmund Bertram	Mary Crawford	Sir Thomas Bertram	Tom Bertram	Mr. Rushworth	Mr. Yates	Fanny Price	Henry Crawford	Maria Bertram	Lady Bertram	Sir Thomas Bertram	Mary Crawford	Edmund Bertram	Tom Bertram	Mr. Rushworth	Mr. Yates	Henry Crawford	Fanny Price	Maria Bertram	Mary Crawford	Lady Bertram	Sir Thomas Bertram	Mr. Rushworth	Mr. Yates	Mrs. Norris	Mrs. Price	Mrs. Rushworth	Susan Price
Lady Bertram	Maria Bertram	Maria Bertram	Julia Bertram	Sir Thomas Bertram	Mrs. Norris	Lady Middleton	Lady Russell	Lady Catherine de Bourgh	Lady Lucas	Mrs. Jennings	Sir John Middleton	Anna Weston	Augusta Elton	Emma Woodhouse	Frank Churchill	George Knightley	Harriet Smith	Isabella Knightley	Jane Fairfax	John Knightley	Miss Bates	Maria Bertram	Mrs. Norris	Mrs. Price	Sir Thomas Bertram	General Tilney	Lady Russell	Sir Walter Elliot	Lady Catherine de Bourgh	Lady Lucas	Lady Middleton	Anna Weston	Augusta Elton	Emma Woodhouse	Frank Churchill	George Knightley	Harriet Smith	Isabella Knightley	Jane Fairfax	John Knightley	Miss Bates	Maria Bertram	Mrs. Norris	Mrs. Price	Sir Thomas Bertram	General Tilney	Lady Russell	Sir Walter Elliot	Lady Catherine de Bourgh	Lady Lucas	Lady Middleton
Maria Bertram	Anna Weston	Anna Weston	Augusta Elton	Emma Woodhouse	Frank Churchill	George Knightley	Harriet Smith	Isabella Knightley	Jane Fairfax	John Knightley	Miss Bates	Anna Weston	Augusta Elton	Emma Woodhouse	Frank Churchill	George Knightley	Harriet Smith	Isabella Knightley	Jane Fairfax	John Knightley	Miss Bates	Anna Weston	Augusta Elton	Emma Woodhouse	Frank Churchill	George Knightley	Harriet Smith	Isabella Knightley	Jane Fairfax	John Knightley	Miss Bates	Anna Weston	Augusta Elton	Emma Woodhouse	Frank Churchill	George Knightley	Harriet Smith	Isabella Knightley	Jane Fairfax	John Knightley	Miss Bates	Anna Weston	Augusta Elton	Emma Woodhouse	Frank Churchill	George Knightley	Harriet Smith	Isabella Knightley	Jane Fairfax	John Knightley	Miss Bates
Mary Crawford	Emma Woodhouse	Emma Woodhouse	Henry Crawford	Maria Bertram	Mr. Rushworth	Mr. Yates	Isabella Thorpe	John Thorpe	Mrs. Thorpe	Caroline Bingley	Mrs. Hurst	Emma Woodhouse	Frank Churchill	Jane Fairfax	Henry Crawford	Julia Bertram	Maria Bertram	Mr. Rushworth	Mr. Yates	Isabella Thorpe	John Thorpe	Emma Woodhouse	Frank Churchill	Henry Crawford	Julia Bertram	Maria Bertram	Mary Crawford	Isabella Thorpe	John Thorpe	Caroline Bingley	Lydia Bennet	Emma Woodhouse	Frank Churchill	Henry Crawford	Lieutenant Price	Mr. Rushworth	Mr. Yates	Mrs. Price	Sir Thomas Bertram	Tom Bertram	John Thorpe	Emma Woodhouse	Jane Fairfax	Henry Crawford	Julia Bertram	Maria Bertram	Mary Crawford	Mr. Rushworth	Mr. Yates	Isabella Thorpe	John Thorpe
Lieutenant Price	William Price	William Price	Admiral Croft	Captain Benwick	Captain Harville	Charles Hayter	Elizabeth Elliot	Louisa Musgrove	Mary Musgrove	Mr. Musgrove	Captain Wentworth	William Price	Anne Elliot	Captain Benwick	Captain Harville	Charles Hayter	Charles Musgrove	Henrietta Musgrove	Louisa Musgrove	Mary Musgrove	Captain Wentworth	Anna Weston	Augusta Elton	Emma Woodhouse	Frank Churchill	George Knightley	Harriet Smith	Isabella Knightley	Jane Fairfax	John Knightley	Miss Bates	William Price	Catherine Morland	James Morland	John Thorpe	Admiral Croft	Captain Benwick	Captain Harville	Charles Hayter	Louisa Musgrove	Captain Wentworth	William Price	Admiral Croft	Captain Benwick	Captain Harville	Charles Hayter	Elizabeth Elliot	Louisa Musgrove	Mary Musgrove	Mrs. Musgrove	Mr. Musgrove
Mr. Rushworth	Anna Weston	Anna Weston	Augusta Elton	Emma Woodhouse	Frank Churchill	George Knightley	Harriet Smith	Isabella Knightley	Jane Fairfax	John Knightley	Miss Bates	Anna Weston	Augusta Elton	Emma Woodhouse	Frank Churchill	George Knightley	Harriet Smith	Isabella Knightley	Jane Fairfax	John Knightley	Miss Bates	Anna Weston	Augusta Elton	Emma Woodhouse	Frank Churchill	George Knightley	Harriet Smith	Isabella Knightley	Jane Fairfax	John Knightley	Miss Bates	Anna Weston	Augusta Elton	Emma Woodhouse	Frank Churchill	George Knightley	Harriet Smith	Isabella Knightley	Jane Fairfax	John Knightley	Miss Bates	Anna Weston	Augusta Elton	Emma Woodhouse	Frank Churchill	George Knightley	Harriet Smith	Isabella Knightley	Jane Fairfax	John Knightley	Miss Bates
Mr. Yates	Anna Weston	Anna Weston	Augusta Elton	Emma Woodhouse	Frank Churchill	George Knightley	Harriet Smith	Isabella Knightley	Jane Fairfax	John Knightley	Miss Bates	Anna Weston	Augusta Elton	Emma Woodhouse	Frank Churchill	George Knightley	Harriet Smith	Isabella Knightley	Jane Fairfax	John Knightley	Miss Bates	Anna Weston	Augusta Elton	Emma Woodhouse	Frank Churchill	George Knightley	Harriet Smith	Isabella Knightley	Jane Fairfax	John Knightley	Miss Bates	Anna Weston	Augusta Elton	Emma Woodhouse	Frank Churchill	George Knightley	Harriet Smith	Isabella Knightley	Jane Fairfax	John Knightley	Miss Bates	Mr. Rushworth	John Thorpe	Mrs. Thorpe	Elizabeth Elliot	Henrietta Musgrove	Louisa Musgrove	Mary Musgrove	Mrs. Clay	Mr. Musgrove	Sir Walter Elliot
Mrs. Grant	Anna Weston	Anna Weston	Augusta Elton	Emma Woodhouse	Frank Churchill	George Knightley	Harriet Smith	Isabella Knightley	Jane Fairfax	John Knightley	Miss Bates	Anna Weston	Augusta Elton	Emma Woodhouse	Frank Churchill	George Knightley	Harriet Smith	Isabella Knightley	Jane Fairfax	John Knightley	Miss Bates	Anna Weston	Augusta Elton	Emma Woodhouse	Frank Churchill	George Knightley	Harriet Smith	Isabella Knightley	Jane Fairfax	John Knightley	Miss Bates	Anna Weston	Augusta Elton	Emma Woodhouse	Frank Churchill	George Knightley	Harriet Smith	Isabella Knightley	Jane Fairfax	John Knightley	Miss Bates	Anna Weston	Augusta Elton	Emma Woodhouse	Frank Churchill	George Knightley	Harriet Smith	Isabella Knightley	Jane Fairfax	John Knightley	Miss Bates
Mrs. Norris	Augusta Elton	Augusta Elton	Mrs. Cole	Mary Crawford	Mrs. Price	Mrs. Thorpe	Lady Russell	Mrs. Clay	Lady Catherine de Bourgh	Mrs. Bennet	Mrs. Phillips	Augusta Elton	Mrs. Cole	Philip Elton	Mary Crawford	Mr. Rushworth	Mr. Yates	Mrs. Thorpe	Mrs. Clay	Lady Catherine de Bourgh	Fanny Dashwood	Augusta Elton	Mrs. Cole	Mary Crawford	Mrs. Price	Mrs. Thorpe	Mrs. Clay	Lady Catherine de Bourgh	Mrs. Hurst	Mrs. Phillips	Fanny Dashwood	Augusta Elton	Mrs. Cole	Mary Crawford	Mrs. Grant	Mrs. Price	Mrs. Thorpe	Mrs. Clay	Lady Catherine de Bourgh	Mrs. Hurst	Mrs. Phillips	Augusta Elton	Mrs. Cole	Philip Elton	Mary Crawford	Mr. Rushworth	Mr. Yates	Mrs. Thorpe	Sir Walter Elliot	Lady Catherine de Bourgh	William Collins
Mrs. Price	Anna Weston	Anna Weston	Augusta Elton	Emma Woodhouse	Frank Churchill	George Knightley	Harriet Smith	Isabella Knightley	Jane Fairfax	John Knightley	Miss Bates	Anna Weston	Augusta Elton	Emma Woodhouse	Frank Churchill	George Knightley	Harriet Smith	Isabella Knightley	Jane Fairfax	John Knightley	Miss Bates	Anna Weston	Augusta Elton	Emma Woodhouse	Frank Churchill	George Knightley	Harriet Smith	Isabella Knightley	Jane Fairfax	John Knightley	Miss Bates	Anna Weston	Augusta Elton	Emma Woodhouse	Frank Churchill	George Knightley	Harriet Smith	Isabella Knightley	Jane Fairfax	John Knightley	Miss Bates	Mrs. Norris	Mrs. Morland	Mrs. Bennet	Mrs. Dashwood	Mrs. Musgrove	Lady Russell	Mrs. Jennings	Lady Middleton	Lady Lucas	Mrs. Gardiner
Mrs. Rushworth	Anna Weston	Maria Bertram	Mary Crawford	Mr. Rushworth	Mrs. Norris	Sir Thomas Bertram	Elizabeth Elliot	Sir Walter Elliot	Caroline Bingley	Lady Catherine de Bourgh	William Collins	Anna Weston	Augusta Elton	Emma Woodhouse	Frank Churchill	George Knightley	Harriet Smith	Isabella Knightley	Jane Fairfax	John Knightley	Miss Bates	Anna Weston	Augusta Elton	Emma Woodhouse	Frank Churchill	George Knightley	Harriet Smith	Isabella Knightley	Jane Fairfax	John Knightley	Miss Bates	Maria Bertram	Mary Crawford	Mr. Rushworth	Mrs. Norris	Sir Thomas Bertram	Elizabeth Elliot	Sir Walter Elliot	William Elliot	Lady Catherine de Bourgh	William Collins	Anna Weston	Augusta Elton	Emma Woodhouse	Frank Churchill	George Knightley	Harriet Smith	Isabella Knightley	Jane Fairfax	John Knightley	Miss Bates
Sir Thomas Bertram	Lady Bertram	Lady Bertram	Mr. Rushworth	Sir Thomas Bertram	General Tilney	Lady Russell	Sir Walter Elliot	Lady Catherine de Bourgh	Lady Lucas	Sir William Lucas	Lady Middleton	Lady Bertram	Maria Bertram	Mrs. Norris	Sir Thomas Bertram	General Tilney	Lady Russell	Sir Walter Elliot	Lady Catherine de Bourgh	Sir William Lucas	Sir John Middleton	Lady Bertram	Maria Bertram	Mary Crawford	Mrs. Norris	Sir Thomas Bertram	General Tilney	Lady Russell	Sir Walter Elliot	Lady Catherine de Bourgh	Lady Middleton	Lady Bertram	Maria Bertram	Mr. Rushworth	Mrs. Norris	Sir Thomas Bertram	General Tilney	Lady Russell	Sir Walter Elliot	Lady Catherine de Bourgh	Sir William Lucas	Lady Bertram	Maria Bertram	Mary Crawford	Mr. Rushworth	Mr. Yates	Mrs. Norris	Mrs. Price	Mrs. Rushworth	Sir Walter Elliot	Lady Catherine de Bourgh
Susan Price	Fanny Price	Fanny Price	Henry Crawford	Maria Bertram	Lieutenant Price	Mrs. Price	Susan Price	William Price	Catherine Morland	James Morland	Mrs. Morland	Fanny Price	Henry Crawford	Maria Bertram	Lieutenant Price	Mrs. Price	Sir Thomas Bertram	William Price	Catherine Morland	James Morland	Mrs. Morland	Anna Weston	Augusta Elton	Emma Woodhouse	Frank Churchill	George Knightley	Harriet Smith	Isabella Knightley	Jane Fairfax	John Knightley	Miss Bates	Fanny Price	Henry Crawford	Julia Bertram	Lady Bertram	Maria Bertram	Lieutenant Price	Mrs. Price	Sir Thomas Bertram	Tom Bertram	William Price	Fanny Price	Henry Crawford	Julia Bertram	Maria Bertram	Mary Crawford	Lieutenant Price	Mrs. Price	Sir Thomas Bertram	Tom Bertram	William Price
Tom Bertram	Frank Churchill	Anna Weston	Augusta Elton	Emma Woodhouse	Frank Churchill	George Knightley	Harriet Smith	Isabella Knightley	Jane Fairfax	John Knightley	Miss Bates	Frank Churchill	Edmund Bertram	Henry Crawford	Julia Bertram	Maria Bertram	Mary Crawford	Mr. Rushworth	Mr. Yates	Sir Thomas Bertram	William Price	Anna Weston	Augusta Elton	Emma Woodhouse	Frank Churchill	George Knightley	Harriet Smith	Isabella Knightley	Jane Fairfax	John Knightley	Miss Bates	Anna Weston	Augusta Elton	Emma Woodhouse	Frank Churchill	George Knightley	Harriet Smith	Isabella Knightley	Jane Fairfax	John Knightley	Miss Bates	Frank Churchill	Edmund Bertram	Henry Crawford	Julia Bertram	Maria Bertram	Mary Crawford	Mr. Yates	Sir Thomas Bertram	Susan Price	William Price
William Price	Anna Weston	Anna Weston	Augusta Elton	Emma Woodhouse	Frank Churchill	George Knightley	Harriet Smith	Isabella Knightley	Jane Fairfax	John Knightley	Miss Bates	Fanny Price	Henry Crawford	Maria Bertram	Lieutenant Price	Mrs. Price	Susan Price	Tom Bertram	Catherine Morland	James Morland	John Thorpe	Anna Weston	Augusta Elton	Emma Woodhouse	Frank Churchill	George Knightley	Harriet Smith	Isabella Knightley	Jane Fairfax	John Knightley	Miss Bates	Anna Weston	Augusta Elton	Emma Woodhouse	Frank Churchill	George Knightley	Harriet Smith	Isabella Knightley	Jane Fairfax	John Knightley	Miss Bates	Anna Weston	Augusta Elton	Emma Woodhouse	Frank Churchill	George Knightley	Harriet Smith	Isabella Knightley	Jane Fairfax	John Knightley	Miss Bates
Catherine Morland	Emma Woodhouse	Emma Woodhouse	Fanny Price	Susan Price	Eleanor Tilney	Isabella Thorpe	James Morland	John Thorpe	Anne Elliot	Elizabeth Bennet	Marianne Dashwood	Emma Woodhouse	Jane Fairfax	Fanny Price	Susan Price	Eleanor Tilney	Isabella Thorpe	Anne Elliot	Elizabeth Bennet	Elinor Dashwood	Marianne Dashwood	Emma Woodhouse	Jane Fairfax	Fanny Price	Susan Price	Eleanor Tilney	Isabella Thorpe	John Thorpe	Anne Elliot	Elizabeth Bennet	Marianne Dashwood	Emma Woodhouse	Harriet Smith	Fanny Price	Susan Price	Eleanor Tilney	Frederick Tilney	Henry Tilney	Isabella Thorpe	James Morland	John Thorpe	Emma Woodhouse	Harriet Smith	Fanny Price	Susan Price	Eleanor Tilney	Isabella Thorpe	James Morland	Anne Elliot	Elizabeth Bennet	Elinor Dashwood
Eleanor Tilney	Emma Woodhouse	Emma Woodhouse	Jane Fairfax	Fanny Price	Maria Bertram	Catherine Morland	Anne Elliot	Henrietta Musgrove	Louisa Musgrove	Elizabeth Bennet	Jane Bennet	Emma Woodhouse	Jane Fairfax	Fanny Price	Catherine Morland	Anne Elliot	Elizabeth Bennet	Jane Bennet	Elinor Dashwood	Marianne Dashwood	Mrs. Dashwood	Emma Woodhouse	Jane Fairfax	Fanny Price	Julia Bertram	Maria Bertram	Catherine Morland	Anne Elliot	Elizabeth Bennet	Jane Bennet	Elinor Dashwood	Emma Woodhouse	Jane Fairfax	Fanny Price	Catherine Morland	Anne Elliot	Elizabeth Bennet	Jane Bennet	Elinor Dashwood	Marianne Dashwood	Mrs. Dashwood	Emma Woodhouse	Jane Fairfax	Fanny Price	Julia Bertram	Lady Bertram	Maria Bertram	Mary Crawford	Mrs. Grant	Mrs. Norris	Susan Price
Frederick Tilney	Frank Churchill	Frank Churchill	Henry Crawford	Julia Bertram	Maria Bertram	Mary Crawford	Mr. Rushworth	Mr. Yates	Tom Bertram	John Thorpe	John Willoughby	Frank Churchill	Henry Crawford	General Tilney	Henry Tilney	John Thorpe	Captain Benwick	Captain Harville	Captain Wentworth	George Wickham	John Willoughby	Frank Churchill	Henry Crawford	Mary Crawford	General Tilney	Henry Tilney	John Thorpe	Captain Benwick	Captain Harville	Captain Wentworth	Frank Churchill	Henry Crawford	Maria Bertram	Mr. Rushworth	Mr. Yates	John Thorpe	Captain Benwick	Captain Harville	Captain Wentworth	John Willoughby	Frank Churchill	Henry Crawford	General Tilney	Henry Tilney	Isabella Thorpe	John Thorpe	Captain Benwick	Captain Harville	Captain Wentworth	John Willoughby
General Tilney	Anna Weston	Anna Weston	Augusta Elton	Emma Woodhouse	Frank Churchill	George Knightley	Harriet Smith	Isabella Knightley	Jane Fairfax	John Knightley	Miss Bates	Anna Weston	Augusta Elton	Emma Woodhouse	Frank Churchill	George Knightley	Harriet Smith	Isabella Knightley	Jane Fairfax	John Knightley	Miss Bates	Anna Weston	Augusta Elton	Emma Woodhouse	Frank Churchill	George Knightley	Harriet Smith	Isabella Knightley	Jane Fairfax	John Knightley	Miss Bates	Anna Weston	Augusta Elton	Emma Woodhouse	Frank Churchill	George Knightley	Harriet Smith	Isabella Knightley	Jane Fairfax	John Knightley	Miss Bates	Anna Weston	Augusta Elton	Emma Woodhouse	Frank Churchill	George Knightley	Harriet Smith	Isabella Knightley	Jane Fairfax	John Knightley	Miss Bates
Henry Tilney	Anna Weston	Anna Weston	Augusta Elton	Frank Churchill	George Knightley	Harriet Smith	Isabella Knightley	Jane Fairfax	John Knightley	Miss Bates	Anna Weston	Augusta Elton	Emma Woodhouse	Frank Churchill	George Knightley	Harriet Smith	Isabella Knightley	Jane Fairfax	John Knightley	Miss Bates	Anna Weston	Augusta Elton	Emma Woodhouse	Frank Churchill	George Knightley	Harriet Smith	Isabella Knightley	Jane Fairfax	John Knightley	Miss Bates	Anna Weston	Augusta Elton	Emma Woodhouse	Frank Churchill	George Knightley	Harriet Smith	Isabella Knightley	Jane Fairfax	John Knightley	Miss Bates	Anna Weston	Augusta Elton	Emma Woodhouse	Frank Churchill	George Knightley	Harriet Smith	Isabella Knightley	Jane Fairfax	John Knightley	Miss Bates
Isabella Thorpe	John Thorpe	John Thorpe	Mrs. Thorpe	Caroline Bingley	George Wickham	Lydia Bennet	Anne Steele	Charlotte Palmer	Fanny Dashwood	Lucy Steele	Robert Ferrars	John Thorpe	Mrs. Thorpe	Mrs. Clay	Caroline Bingley	George Wickham	Lydia Bennet	Anne Steele	Charlotte Palmer	Fanny Dashwood	Lucy Steele	John Thorpe	Mrs. Thorpe	Mrs. Clay	William Elliot	George Wickham	Lydia Bennet	Anne Steele	Charlotte Palmer	Fanny Dashwood	Lucy Steele	Anna Weston	Augusta Elton	Emma Woodhouse	Frank Churchill	George Knightley	Harriet Smith	Isabella Knightley	Jane Fairfax	John Knightley	Miss Bates	John Thorpe	Mrs. Thorpe	Caroline Bingley	George Wickham	Lydia Bennet	Mrs. Hurst	Mr. Hurst	Anne Steele	Lucy Steele	Robert Ferrars
James Morland	John Thorpe	Anna Weston	Augusta Elton	Emma Woodhouse	Frank Churchill	George Knightley	Harriet Smith	Isabella Knightley	Jane Fairfax	John Knightley	Miss Bates	John Thorpe	Isabella Thorpe	Mr. Allen	Mrs. Allen	Mrs. Morland	Mrs. Thorpe	Admiral Croft	Anne Elliot	Captain Benwick	Captain Harville	Anna Weston	Augusta Elton	Emma Woodhouse	Frank Churchill	George Knightley	Harriet Smith	Isabella Knightley	Jane Fairfax	John Knightley	Miss Bates	John Thorpe	Isabella Thorpe	Catherine Morland	Mr. Allen	Mrs. Allen	Mrs. Morland	Mrs. Thorpe	General Tilney	Henry Tilney	Frederick Tilney	John Thorpe	Isabella Thorpe	Mrs. Thorpe	Mrs. Morland	Catherine Morland	Mr. Allen	Mrs. Allen	General Tilney	Henry Tilney	Frederick Tilney
John Thorpe	Anna Weston	Anna Weston	Augusta Elton	Emma Woodhouse	Frank Churchill	George Knightley	Harriet Smith	Isabella Knightley	Jane Fairfax	John Knightley	Miss Bates	Anna Weston	Augusta Elton	Philip Elton	Henry Crawford	Mary Crawford	Mr. Rushworth	Mr. Yates	Isabella Thorpe	Mrs. Thorpe	William Elliot	Anna Weston	Augusta Elton	Emma Woodhouse	Frank Churchill	George Knightley	Harriet Smith	Isabella Knightley	Jane Fairfax	John Knightley	Miss Bates	Anna Weston	Augusta Elton	Philip Elton	Henry Crawford	Mary Crawford	Mr. Rushworth	Mr. Yates	Isabella Thorpe	Mrs. Thorpe	John Willoughby	Anna Weston	Augusta Elton	Philip Elton	Henry Crawford	Mary Crawford	Mr. Rushworth	Mr. Yates	Isabella Thorpe	Mrs. Thorpe	George Wickham
Mr. Allen	Anna Weston	Anna Weston	Augusta Elton	Emma Woodhouse	Frank Churchill	George Knightley	Harriet Smith	Isabella Knightley	Jane Fairfax	John Knightley	Miss Bates	Anna Weston	Augusta Elton	Emma Woodhouse	Frank Churchill	George Knightley	Harriet Smith	Isabella Knightley	Jane Fairfax	John Knightley	Miss Bates	Anna Weston	Augusta Elton	Emma Woodhouse	Frank Churchill	George Knightley	Harriet Smith	Isabella Knightley	Jane Fairfax	John Knightley	Miss Bates	Anna Weston	Augusta Elton	Emma Woodhouse	Frank Churchill	George Knightley	Harriet Smith	Isabella Knightley	Jane Fairfax	John Knightley	Miss Bates	Anna Weston	Augusta Elton	Emma Woodhouse	Frank Churchill	George Knightley	Harriet Smith	Isabella Knightley	Jane Fairfax	John Knightley	Miss Bates
Mrs. Allen	Mr. Allen	Mr. Allen	Mrs. Morland	Mrs. Thorpe	Lady Russell	Mrs. Clay	Mrs. Musgrove	Mrs. Smith	Mrs. Bennet	Mrs. Gardiner	Mrs. Phillips	Mr. Allen	Mrs. Bennet	Mrs. Phillips	Lady Middleton	Mrs. Jennings	Sir John Middleton	Lady Lucas	Mrs. Norris	Mrs. Thorpe	Philip Elton	Anna Weston	Augusta Elton	Emma Woodhouse	Frank Churchill	George Knightley	Harriet Smith	Isabella Knightley	Jane Fairfax	John Knightley	Miss Bates	Mr. Allen	Mrs. Morland	Mrs. Thorpe	Lady Russell	Mrs. Clay	Mrs. Musgrove	Mrs. Smith	Mrs. Bennet	Mrs. Gardiner	Mrs. Phillips	Mr. Allen	Mrs. Morland	Mrs. Thorpe	Lady Russell	Mrs. Clay	Mrs. Musgrove	Mrs. Smith	Mrs. Bennet	Mrs. Gardiner	Mrs. Phillips
Mrs. Morland	Anna Weston	Anna Weston	Augusta Elton	Emma Woodhouse	Frank Churchill	George Knightley	Harriet Smith	Isabella Knightley	Jane Fairfax	John Knightley	Miss Bates	Mr. Allen	Mrs. Allen	Mrs. Musgrove	Mr. Musgrove	Mrs. Bennet	Mrs. Gardiner	Mrs. Phillips	Lady Middleton	Mrs. Dashwood	Mrs. Jennings	Anna Weston	Augusta Elton	Emma Woodhouse	Frank Churchill	George Knightley	Harriet Smith	Isabella Knightley	Jane Fairfax	John Knightley	Miss Bates	Mr. Allen	Mrs. Allen	Mrs. Musgrove	Mr. Musgrove	Lady Lucas	Mrs. Bennet	Mrs. Gardiner	Mrs. Phillips	Lady Middleton	Mrs. Dashwood	Anna Weston	Augusta Elton	Emma Woodhouse	Frank Churchill	George Knightley	Harriet Smith	Isabella Knightley	Jane Fairfax	John Knightley	Miss Bates
Mrs. Thorpe	Anna Weston	Isabella Thorpe	John Thorpe	Mrs. Allen	Mrs. Morland	Henrietta Musgrove	Louisa Musgrove	Mary Musgrove	Mrs. Clay	Mrs. Musgrove	Mrs. Bennet	Anna Weston	Augusta Elton	Emma Woodhouse	Frank Churchill	George Knightley	Harriet Smith	Isabella Knightley	Jane Fairfax	John Knightley	Miss Bates	Anna Weston	Augusta Elton	Emma Woodhouse	Frank Churchill	George Knightley	Harriet Smith	Isabella Knightley	Jane Fairfax	John Knightley	Miss Bates	Anna Weston	Augusta Elton	Emma Woodhouse	Frank Churchill	George Knightley	Harriet Smith	Isabella Knightley	Jane Fairfax	John Knightley	Miss Bates	Anna Weston	Augusta Elton	Emma Woodhouse	Frank Churchill	George Knightley	Harriet Smith	Isabella Knightley	Jane Fairfax	John Knightley	Miss Bates
Admiral Croft	Anna Weston	Anna Weston	Mrs. Croft	Augusta Elton	Anne Elliot	Emma Woodhouse	Captain Benwick	Frank Churchill	Captain Harville	George Knightley	Charles Hayter	Harriet Smith	Louisa Musgrove	Isabella Knightley	Mary Musgrove	Jane Fairfax	Mrs. Clay	John Knightley	Mrs. Harville	Miss Bates	Mrs. Musgrove	Anna Weston	Augusta Elton	Emma Woodhouse	Frank Churchill	George Knightley	Harriet Smith	Isabella Knightley	Jane Fairfax	John Knightley	Miss Bates	Anna Weston	Captain Harville	Augusta Elton	Charles Hayter	Emma Woodhouse	Elizabeth Elliot	Frank Churchill	Henrietta Musgrove	George Knightley	Louisa Musgrove	Harriet Smith	Mary Musgrove	Isabella Knightley	Mrs. Croft	Jane Fairfax	Mrs. Harville	John Knightley	Mrs. Musgrove	Miss Bates	Mr. Musgrove	Anna Weston	Augusta Elton	Emma Woodhouse	Frank Churchill	George Knightley	Harriet Smith	Isabella Knightley	Jane Fairfax	John Knightley	Miss Bates	Anna Weston	Augusta Elton	Emma Woodhouse	Frank Churchill	George Knightley	Harriet Smith	Isabella Knightley	Jane Fairfax	John Knightley	Miss Bates
Anne Elliot	Emma Woodhouse	Emma Woodhouse	George Knightley	Jane Fairfax	Fanny Price	Catherine Morland	Eleanor Tilney	Anne Elliot	Captain Benwick	Lady Russell	Captain Wentworth	Emma Woodhouse	George Knightley	Jane Fairfax	Fanny Price	Catherine Morland	Eleanor Tilney	Anne Elliot	Captain Benwick	Lady Russell	Captain Wentworth	Emma Woodhouse	Fanny Price	Catherine Morland	Eleanor Tilney	Frederick Tilney	Henry Tilney	Anne Elliot	Elizabeth Bennet	Elinor Dashwood	Marianne Dashwood	Emma Woodhouse	Jane Fairfax	Fanny Price	Mary Crawford	Catherine Morland	Eleanor Tilney	Henry Tilney	Lady Russell	Elizabeth Bennet	Elinor Dashwood	Emma Woodhouse	George Knightley	Jane Fairfax	Fanny Price	Catherine Morland	Eleanor Tilney	Henry Tilney	Anne Elliot	Elizabeth Bennet	Elinor Dashwood
Captain Benwick	Anna Weston	Anna Weston	Augusta Elton	Emma Woodhouse	Frank Churchill	George Knightley	Harriet Smith	Isabella Knightley	Jane Fairfax	John Knightley	Miss Bates	Anna Weston	Augusta Elton	Frank Churchill	George Knightley	Harriet Smith	Isabella Knightley	Jane Fairfax	John Knightley	Miss Bates	Anna Weston	Augusta Elton	Emma Woodhouse	Frank Churchill	George Knightley	Harriet Smith	Isabella Knightley	Jane Fairfax	John Knightley	Miss Bates	Anna Weston	Captain Harville	Augusta Elton	Charles Hayter	Emma Woodhouse	Charles Musgrove	Frank Churchill	Henrietta Musgrove	George Knightley	Louisa Musgrove	Harriet Smith	Mary Musgrove	Isabella Knightley	Mrs. Croft	Jane Fairfax	Mrs. Harville	John Knightley	Mrs. Musgrove	Miss Bates	Mr. Musgrove	Anna Weston	Augusta Elton	Frank Churchill	George Knightley	Harriet Smith	Isabella Knightley	Jane Fairfax	John Knightley	Miss Bates
Captain Harville	George Knightley	Anna Weston	Augusta Elton	Emma Woodhouse	Frank Churchill	George Knightley	Harriet Smith	Isabella Knightley	Jane Fairfax	John Knightley	Miss Bates	Anna Weston	Augusta Elton	Emma Woodhouse	Frank Churchill	George Knightley	Harriet Smith	Isabella Knightley	Jane Fairfax	John Knightley	Miss Bates	Anna Weston	Augusta Elton	Emma Woodhouse	Frank Churchill	George Knightley	Harriet Smith	Isabella Knightley	Jane Fairfax	John Knightley	Miss Bates	Anna Weston	Captain Benwick	Augusta Elton	Captain Wentworth	Emma Woodhouse	Admiral Croft	Frank Churchill	Charles Hayter	George Knightley	Charles Musgrove	Harriet Smith	Mr. Shepherd	Isabella Knightley	Mr. Musgrove	Jane Fairfax	William Elliot	John Knightley	Mr. Weston	Miss Bates	George Knightley	Anna Weston	Augusta Elton	Emma Woodhouse	Frank Churchill	George Knightley	Harriet Smith	Isabella Knightley	Jane Fairfax	John Knightley	Miss Bates
Charles Hayter	Charles Musgrove	Frank Churchill	George Knightley	Philip Elton	Robert Martin	Edmund Bertram	Henry Crawford	Tom Bertram	Frederick Tilney	Henry Tilney	Captain Wentworth	Charles Musgrove	Henrietta Musgrove	Louisa Musgrove	Mary Musgrove	Mrs. Musgrove	Mr. Musgrove	Anne Elliot	Captain Benwick	Captain Harville	Charles Musgrove	Henrietta Musgrove	Louisa Musgrove	Mary Musgrove	Mrs. Musgrove	Mr. Musgrove	Anne Elliot	Captain Benwick	Captain Harville	Charles Musgrove	Frank Churchill	George Knightley	Robert Martin	Edmund Bertram	Henry Crawford	Mr. Rushworth	Mr. Yates	Tom Bertram	Captain Benwick	Captain Wentworth
Charles Musgrove	Elizabeth Elliot	Anna Weston	Augusta Elton	Emma Woodhouse	Frank Churchill	George Knightley	Harriet Smith	Isabella Knightley	Jane Fairfax	John Knightley	Miss Bates	Elizabeth Elliot	Henrietta Musgrove	Louisa Musgrove	Mary Musgrove	Mrs. Musgrove	Mr. Musgrove	Sir Walter Elliot	Anne Elliot	Lady Russell	Captain Benwick	Elizabeth Elliot	Henrietta Musgrove	Louisa Musgrove	Mary Musgrove	Mrs. Musgrove	Mr. Musgrove	Anne Elliot	Lady Russell	Sir Walter Elliot	William Elliot	Anna Weston	Augusta Elton	Emma Woodhouse	Frank Churchill	George Knightley	Harriet Smith	Isabella Knightley	Jane Fairfax	John Knightley	Miss Bates	Elizabeth Elliot	Henrietta Musgrove	Louisa Musgrove	Mary Musgrove	Mrs. Musgrove	Mr. Musgrove	Anne Elliot	Lady Russell	Sir Walter Elliot	William Elliot
Elizabeth Elliot	Anne Elliot	Emma Woodhouse	Jane Fairfax	Maria Bertram	Mary Crawford	Sir Thomas Bertram	Anne Elliot	Henrietta Musgrove	Louisa Musgrove	Mary Musgrove	Sir Walter Elliot	Anne Elliot	Lady Russell	Mary Musgrove	Mrs. Clay	Sir Walter Elliot	William Elliot	Caroline Bingley	Lady Catherine de Bourgh	Mrs. Hurst	Mrs. Phillips	Anne Elliot	Lady Russell	Mrs. Clay	Sir Walter Elliot	William Elliot	Caroline Bingley	Lady Catherine de Bourgh	Mrs. Hurst	Mrs. Phillips	Fanny Dashwood	Anne Elliot	Lady Russell	Mrs. Clay	Sir Walter Elliot	William Elliot	Caroline Bingley	Lady Catherine de Bourgh	Mrs. Bennet	Mrs. Hurst	Mrs. Phillips	Anne Elliot	Lady Russell	Mrs. Clay	Sir Walter Elliot	William Elliot	Caroline Bingley	Charles Bingley	Lady Catherine de Bourgh	Mrs. Hurst	Mr. Hurst
Henrietta Musgrove	Isabella Knightley	Harriet Smith	Isabella Knightley	Jane Fairfax	Julia Bertram	Maria Bertram	Susan Price	Catherine Morland	Isabella Thorpe	Henrietta Musgrove	Louisa Musgrove	Isabella Knightley	Jane Fairfax	John Knightley	Miss Bates	Mr. Weston	Mr. Woodhouse	Mr. Perry	Mrs. Cole	Philip Elton	Robert Martin	Isabella Knightley	Jane Fairfax	John Knightley	Miss Bates	Mr. Weston	Mr. Woodhouse	Mr. Perry	Mrs. Cole	Philip Elton	Robert Martin	Anna Weston	Augusta Elton	Emma Woodhouse	Frank Churchill	George Knightley	Harriet Smith	Isabella Knightley	Jane Fairfax	John Knightley	Miss Bates	Anna Weston	Augusta Elton	Emma Woodhouse	Frank Churchill	George Knightley	Harriet Smith	Isabella Knightley	Jane Fairfax	John Knightley	Miss Bates
Lady Russell	Emma Woodhouse	Emma Woodhouse	Harriet Smith	Jane Fairfax	Mr. Perry	Philip Elton	Robert Martin	Dr. Grant	Edmund Bertram	Fanny Price	Henry Crawford	Emma Woodhouse	Emma Woodhouse	Harriet Smith	Isabella Knightley	Jane Fairfax	Miss Bates	Mr. Weston	Mr. Woodhouse	Mr. Perry	Mrs. Cole	Philip Elton	Emma Woodhouse	Lady Bertram	Lady Russell	Lady Catherine de Bourgh	Lady Lucas	Lady Middleton	Emma Woodhouse	Jane Fairfax	Lady Bertram	Mrs. Grant	Mrs. Norris	Lady Russell	Mrs. Harville	Mrs. Musgrove	Lady Lucas	Lady Middleton
Louisa Musgrove	Henrietta Musgrove	Henrietta Musgrove	Mary Musgrove	Elizabeth Elliot	Charles Musgrove	Lady Russell	Charles Hayter	Captain Benwick	Captain Harville	Anne Elliot	Mrs. Croft	Henrietta Musgrove	Mary Musgrove	Charles Musgrove	Elizabeth Elliot	Anne Elliot	Charles Hayter	Captain Benwick	Captain Harville	Lady Russell	Mrs. Croft	Henrietta Musgrove	Mary Musgrove	Elizabeth Elliot	Charles Musgrove	Lady Russell	Anne Elliot	Captain Benwick	Captain Harville	Charles Hayter	Captain Wentworth	Henrietta Musgrove	Mary Musgrove	Charles Musgrove	Elizabeth Elliot	Anne Elliot	Captain Benwick	Captain Harville	Charles Hayter	Lady Russell	Captain Wentworth	Henrietta Musgrove	Mary Musgrove	Charles Musgrove	Elizabeth Elliot	Anne Elliot	Charles Hayter	Captain Benwick	Captain Harville	Admiral Croft	Mrs. Croft
Mary Musgrove	Augusta Elton	Augusta Elton	Emma Woodhouse	Harriet Smith	Jane Fairfax	Miss Bates	Mrs. Cole	Philip Elton	Mary Crawford	Mrs. Norris	Mrs. Thorpe	Anna Weston	Augusta Elton	Emma Woodhouse	Frank Churchill	George Knightley	Harriet Smith	Isabella Knightley	Jane Fairfax	John Knightley	Miss Bates	Anna Weston	Augusta Elton	Emma Woodhouse	Frank Churchill	George Knightley	Harriet Smith	Isabella Knightley	Jane Fairfax	John Knightley	Miss Bates	Anna Weston	Augusta Elton	Emma Woodhouse	Frank Churchill	George Knightley	Harriet Smith	Isabella Knightley	Jane Fairfax	John Knightley	Miss Bates	Augusta Elton	Harriet Smith	Jane Fairfax	Mrs. Cole	Philip Elton	Robert Martin	Edmund Bertram	Fanny Price	Henry Crawford	Julia Bertram
Mr. Shepherd	Mrs. Clay	Mrs. Clay	Mr. Phillips	Mrs. Phillips	Mrs. Norris	Mrs. Price	Mrs. Thorpe	Mrs. Jennings	Mrs. Gardiner	Mrs. Hurst	Mr. Hurst	Mrs. Clay	Sir Walter Elliot	William Elliot	Caroline Bingley	Lady Catherine de Bourgh	Mr. Phillips	Mrs. Phillips	Anne Steele	Fanny Dashwood	Lucy Steele	Mrs. Clay	Sir Walter Elliot	William Elliot	Lady Catherine de Bourgh	Mr. Phillips	Mrs. Phillips	Anne Steele	Fanny Dashwood	Lucy Steele	Robert Ferrars	Anna Weston	Augusta Elton	Emma Woodhouse	Frank Churchill	George Knightley	Harriet Smith	Isabella Knightley	Jane Fairfax	John Knightley	Miss Bates	Anna Weston	Augusta Elton	Emma Woodhouse	Frank Churchill	George Knightley	Harriet Smith	Isabella Knightley	Jane Fairfax	John Knightley	Miss Bates
Mrs. Clay	Augusta Elton	Augusta Elton	Emma Woodhouse	Philip Elton	Mary Crawford	Mrs. Norris	Mrs. Price	Mrs. Thorpe	Lady Russell	Sir Walter Elliot	William Elliot	Augusta Elton	Emma Woodhouse	Mrs. Cole	Philip Elton	Mary Crawford	Mrs. Norris	Mrs. Price	Mrs. Thorpe	Lady Russell	Sir Walter Elliot	Augusta Elton	Mrs. Cole	Mrs. Norris	Mrs. Price	Mrs. Thorpe	Lady Russell	Sir Walter Elliot	William Elliot	Lady Catherine de Bourgh	Anne Steele	Augusta Elton	Emma Woodhouse	Jane Fairfax	Philip Elton	Mary Crawford	Mrs. Norris	Isabella Thorpe	Mrs. Thorpe	Mrs. Clay	Lucy Steele	Anna Weston	Augusta Elton	Emma Woodhouse	Frank Churchill	George Knightley	Harriet Smith	Isabella Knightley	Jane Fairfax	John Knightley	Miss Bates
Mrs. Croft	Admiral Croft	Admiral Croft	Anne Elliot	Captain Benwick	Captain Harville	Charles Hayter	Henrietta Musgrove	Louisa Musgrove	Mary Musgrove	Mrs. Musgrove	Mr. Musgrove	Admiral Croft	Anne Elliot	Captain Benwick	Captain Harville	Charles Hayter	Henrietta Musgrove	Louisa Musgrove	Mary Musgrove	Mrs. Musgrove	Mr. Musgrove	Admiral Croft	Anne Elliot	Captain Benwick	Captain Harville	Charles Hayter	Charles Musgrove	Henrietta Musgrove	Louisa Musgrove	Mary Musgrove	Mrs. Musgrove	Admiral Croft	Anne Elliot	Captain Benwick	Captain Harville	Charles Hayter	Henrietta Musgrove	Louisa Musgrove	Mary Musgrove	Mrs. Musgrove	Mr. Musgrove	Admiral Croft	Anne Elliot	Captain Benwick	Captain Harville	Charles Hayter	Charles Musgrove	Henrietta Musgrove	Louisa Musgrove	Mary Musgrove	Mrs. Musgrove
Mrs. Harville	Anna Weston	Anna Weston	Augusta Elton	Emma Woodhouse	Frank Churchill	George Knightley	Harriet Smith	Isabella Knightley	Jane Fairfax	John Knightley	Miss Bates	Anna Weston	Augusta Elton	Emma Woodhouse	Frank Churchill	George Knightley	Harriet Smith	Isabella Knightley	Jane Fairfax	John Knightley	Miss Bates	Anna Weston	Augusta Elton	Emma Woodhouse	Frank Churchill	George Knightley	Harriet Smith	Isabella Knightley	Jane Fairfax	John Knightley	Miss Bates	Anna Weston	Augusta Elton	Emma Woodhouse	Frank Churchill	George Knightley	Harriet Smith	Isabella Knightley	Jane Fairfax	John Knightley	Miss Bates	Anna Weston	Augusta Elton	Emma Woodhouse	Frank Churchill	George Knightley	Harriet Smith	Isabella Knightley	Jane Fairfax	John Knightley	Miss Bates
Mrs. Musgrove	Anna Weston	Anna Weston	Augusta Elton	Emma Woodhouse	Frank Churchill	George Knightley	Harriet Smith	Isabella Knightley	Jane Fairfax	John Knightley	Miss Bates	Anna Weston	Augusta Elton	Emma Woodhouse	Frank Churchill	George Knightley	Harriet Smith	Isabella Knightley	Jane Fairfax	John Knightley	Miss Bates	Anna Weston	Augusta Elton	Emma Woodhouse	Frank Churchill	George Knightley	Harriet Smith	Isabella Knightley	Jane Fairfax	John Knightley	Miss Bates	Anna Weston	Augusta Elton	Emma Woodhouse	Frank Churchill	George Knightley	Harriet Smith	Isabella Knightley	Jane Fairfax	John Knightley	Miss Bates	Anna Weston	Augusta Elton	Emma Woodhouse	Frank Churchill	George Knightley	Harriet Smith	Isabella Knightley	Jane Fairfax	John Knightley	Miss Bates
Mr. Musgrove	Charles Musgrove	Charles Musgrove	Henrietta Musgrove	Louisa Musgrove	Mary Musgrove	Mrs. Musgrove	Elizabeth Elliot	Lady Russell	Mrs. Clay	Mrs. Croft	Mrs. Harville	Charles Musgrove	Henrietta Musgrove	Louisa Musgrove	Mary Musgrove	Mrs. Musgrove	Elizabeth Elliot	Lady Russell	Mrs. Clay	Mrs. Croft	Mrs. Harville	Charles Musgrove	Henrietta Musgrove	Louisa Musgrove	Mary Musgrove	Mrs. Musgrove	Mrs. Smith	Elizabeth Elliot	Lady Russell	Mrs. Clay	Mrs. Harville	Charles Musgrove	Henrietta Musgrove	Louisa Musgrove	Mary Musgrove	Mrs. Musgrove	Elizabeth Elliot	Lady Russell	Mrs. Clay	Mrs. Croft	Mrs. Harville	Charles Musgrove	Henrietta Musgrove	Louisa Musgrove	Mary Musgrove	Mrs. Musgrove	Elizabeth Elliot	Lady Russell	Mrs. Clay	Mrs. Harville	Mrs. Croft
Mrs. Smith	Anna Weston	Anna Weston	Augusta Elton	Emma Woodhouse	Frank Churchill	George Knightley	Harriet Smith	Isabella Knightley	Jane Fairfax	John Knightley	Miss Bates	Anna Weston	Augusta Elton	Emma Woodhouse	Frank Churchill	George Knightley	Harriet Smith	Isabella Knightley	Jane Fairfax	John Knightley	Miss Bates	Anna Weston	Augusta Elton	Emma Woodhouse	Frank Churchill	George Knightley	Harriet Smith	Isabella Knightley	Jane Fairfax	John Knightley	Miss Bates	Anna Weston	Augusta Elton	Emma Woodhouse	Frank Churchill	George Knightley	Harriet Smith	Isabella Knightley	Jane Fairfax	John Knightley	Miss Bates	Anna Weston	Augusta Elton	Emma Woodhouse	Frank Churchill	George Knightley	Harriet Smith	Isabella Knightley	Jane Fairfax	John Knightley	Miss Bates
Sir Walter Elliot	Elizabeth Elliot	Elizabeth Elliot	Henrietta Musgrove	Lady Russell	Louisa Musgrove	Mary Musgrove	Mr. Shepherd	Mrs. Clay	Mrs. Croft	Mrs. Harville	Mrs. Musgrove	Elizabeth Elliot	Caroline Bingley	Lady Catherine de Bourgh	Lady Lucas	Mrs. Bennet	Mr. Phillips	Mrs. Phillips	Sir William Lucas	Anne Steele	Fanny Dashwood	Elizabeth Elliot	Lady Catherine de Bourgh	Julia Bertram	Maria Bertram	Mrs. Rushworth	Mrs. Thorpe	Mrs. Bennet	Mrs. Hurst	Mr. Hurst	Lady Middleton	Elizabeth Elliot	Lady Russell	Mr. Shepherd	Mrs. Clay	Sir Walter Elliot	William Elliot	Lady Catherine de Bourgh	Mr. Phillips	Mrs. Phillips	Sir William Lucas	Elizabeth Elliot	Lady Russell	Mrs. Clay	Mr. Musgrove	William Elliot	Caroline Bingley	Lady Catherine de Bourgh	Mr. Phillips	Mrs. Phillips	Sir William Lucas
William Elliot	Anna Weston	Anna Weston	Augusta Elton	Emma Woodhouse	Frank Churchill	George Knightley	Harriet Smith	Isabella Knightley	Jane Fairfax	John Knightley	Miss Bates	Anna Weston	Augusta Elton	Emma Woodhouse	Frank Churchill	George Knightley	Harriet Smith	Isabella Knightley	Jane Fairfax	John Knightley	Miss Bates	Anna Weston	Augusta Elton	Emma Woodhouse	Frank Churchill	George Knightley	Harriet Smith	Isabella Knightley	Jane Fairfax	John Knightley	Miss Bates	Anna Weston	Augusta Elton	Emma Woodhouse	Frank Churchill	George Knightley	Harriet Smith	Isabella Knightley	Jane Fairfax	John Knightley	Miss Bates	Anna Weston	Augusta Elton	Emma Woodhouse	Frank Churchill	George Knightley	Harriet Smith	Isabella Knightley	Jane Fairfax	John Knightley	Miss Bates
Captain Wentworth	Frank Churchill	Frank Churchill	Edmund Bertram	Henry Crawford	Julia Bertram	Mr. Rushworth	Mr. Yates	Tom Bertram	Frederick Tilney	Captain Benwick	Captain Harville	Frank Churchill	Edmund Bertram	Henry Crawford	Mary Crawford	Sir Thomas Bertram	Tom Bertram	Frederick Tilney	Henry Tilney	Captain Benwick	Colonel Fitzwilliam	Frank Churchill	Edmund Bertram	Henry Crawford	Mary Crawford	Frederick Tilney	Henry Tilney	Admiral Croft	Captain Benwick	Captain Harville	Charles Hayter	Frank Churchill	Edmund Bertram	Henry Crawford	Sir Thomas Bertram	Tom Bertram	Frederick Tilney	Henry Tilney	Admiral Croft	Captain Benwick	Colonel Fitzwilliam	Frank Churchill	Edmund Bertram	Henry Crawford	Julia Bertram	Mary Crawford	Sir Thomas Bertram	Tom Bertram	Henry Tilney	Captain Benwick	Captain Harville
Caroline Bingley	Augusta Elton	Augusta Elton	Emma Woodhouse	Philip Elton	Mary Crawford	Isabella Thorpe	Mrs. Thorpe	Elizabeth Elliot	Mrs. Clay	Lady Catherine de Bourgh	Fanny Dashwood	Augusta Elton	Emma Woodhouse	Philip Elton	Mary Crawford	Isabella Thorpe	Mrs. Thorpe	Elizabeth Elliot	Mrs. Clay	Lady Catherine de Bourgh	Mrs. Hurst	Augusta Elton	Emma Woodhouse	Philip Elton	Mary Crawford	Isabella Thorpe	Mrs. Thorpe	Elizabeth Elliot	Mrs. Clay	Lady Catherine de Bourgh	Mrs. Hurst	Augusta Elton	Emma Woodhouse	Philip Elton	Mary Crawford	Isabella Thorpe	Mrs. Thorpe	Elizabeth Elliot	Mrs. Clay	Lady Catherine de Bourgh	Fanny Dashwood	Augusta Elton	Emma Woodhouse	Philip Elton	Mary Crawford	Isabella Thorpe	Mrs. Thorpe	Elizabeth Elliot	Mrs. Clay	Lady Catherine de Bourgh	Fanny Dashwood
Charles Bingley	Frank Churchill	Anna Weston	Augusta Elton	Frank Churchill	George Knightley	Harriet Smith	Isabella Knightley	Jane Fairfax	John Knightley	Miss Bates	Frank Churchill	George Knightley	Edmund Bertram	Henry Crawford	Julia Bertram	Mr. Rushworth	Mr. Yates	Tom Bertram	Charles Hayter	Charles Musgrove	Frank Churchill	George Knightley	Robert Martin	Edmund Bertram	Henry Crawford	Mr. Rushworth	Tom Bertram	Captain Benwick	Charles Hayter	Captain Wentworth	Frank Churchill	George Knightley	Robert Martin	Edmund Bertram	Henry Crawford	Tom Bertram	Frederick Tilney	Isabella Thorpe	Charles Hayter	Captain Wentworth	Frank Churchill	George Knightley	Edmund Bertram	Henry Crawford	Julia Bertram	Mr. Rushworth	Sir Thomas Bertram	Tom Bertram	Charles Hayter	Captain Wentworth
Charlotte Lucas	Augusta Elton	Charlotte Lucas	Philip Elton	William Collins	Charlotte Palmer	Lucy Steele	Anne Steele	Mrs. Jennings	Lady Middleton	Mrs. Norris	Mrs. Clay	Charlotte Lucas	Augusta Elton	Harriet Smith	Isabella Knightley	Mrs. Cole	Philip Elton	Robert Martin	Fanny Price	Julia Bertram	Maria Bertram	Anna Weston	Augusta Elton	Emma Woodhouse	Frank Churchill	George Knightley	Harriet Smith	Isabella Knightley	Jane Fairfax	John Knightley	Miss Bates	Anna Weston	Augusta Elton	Emma Woodhouse	Frank Churchill	George Knightley	Harriet Smith	Isabella Knightley	Jane Fairfax	John Knightley	Miss Bates	Anna Weston	Augusta Elton	Emma Woodhouse	Frank Churchill	George Knightley	Harriet Smith	Isabella Knightley	Jane Fairfax	John Knightley	Miss Bates
Colonel Fitzwilliam	Frank Churchill	Anna Weston	Augusta Elton	Emma Woodhouse	Frank Churchill	George Knightley	Harriet Smith	Isabella Knightley	Jane Fairfax	John Knightley	Miss Bates	Anna Weston	Augusta Elton	Emma Woodhouse	Frank Churchill	George Knightley	Harriet Smith	Isabella Knightley	Jane Fairfax	John Knightley	Miss Bates	Colonel Brandon	Captain Benwick	Captain Harville	Captain Wentworth	John Willoughby	Frank Churchill	Henry Crawford	Mr. Yates	General Tilney	Admiral Croft	Anna Weston	Frank Churchill	Augusta Elton	Henry Crawford	Emma Woodhouse	Frederick Tilney	Frank Churchill	Henry Tilney	George Knightley	Captain Benwick	Harriet Smith	Captain Harville	Isabella Knightley	Charles Hayter	Jane Fairfax	Captain Wentworth	John Knightley	Colonel Brandon	Miss Bates	John Willoughby	Anna Weston	Augusta Elton	Emma Woodhouse	Frank Churchill	George Knightley	Harriet Smith	Isabella Knightley	Jane Fairfax	John Knightley	Miss Bates
Mr. Gardiner	Frank Churchill	Frank Churchill	George Knightley	John Knightley	Mr. Woodhouse	Philip Elton	Robert Martin	Edmund Bertram	Sir Thomas Bertram	Henry Tilney	Fitzwilliam Darcy	Anna Weston	Augusta Elton	Emma Woodhouse	Frank Churchill	George Knightley	Harriet Smith	Isabella Knightley	Jane Fairfax	John Knightley	Miss Bates	Anna Weston	Augusta Elton	Emma Woodhouse	Frank Churchill	George Knightley	Harriet Smith	Isabella Knightley	Jane Fairfax	John Knightley	Miss Bates	Anna Weston	Augusta Elton	Emma Woodhouse	Frank Churchill	George Knightley	Harriet Smith	Isabella Knightley	Jane Fairfax	John Knightley	Miss Bates	Anna Weston	Augusta Elton	Emma Woodhouse	Frank Churchill	George Knightley	Harriet Smith	Isabella Knightley	Jane Fairfax	John Knightley	Miss Bates
Elizabeth Bennet	Emma Woodhouse	Emma Woodhouse	Jane Fairfax	Fanny Price	Catherine Morland	Eleanor Tilney	Anne Elliot	Charlotte Lucas	Elinor Dashwood	Marianne Dashwood	Mrs. Dashwood	Emma Woodhouse	Jane Fairfax	Fanny Price	Catherine Morland	Eleanor Tilney	Isabella Thorpe	Anne Elliot	Charlotte Lucas	Elinor Dashwood	Marianne Dashwood	Emma Woodhouse	Jane Fairfax	Fanny Price	Catherine Morland	Eleanor Tilney	Anne Elliot	Charlotte Lucas	Elinor Dashwood	Marianne Dashwood	Mrs. Dashwood	Emma Woodhouse	Jane Fairfax	Catherine Morland	Eleanor Tilney	Henry Tilney	Anne Elliot	Henrietta Musgrove	Louisa Musgrove	Elinor Dashwood	Marianne Dashwood	Emma Woodhouse	Jane Fairfax	Catherine Morland	Eleanor Tilney	Henry Tilney	Anne Elliot	Henrietta Musgrove	Louisa Musgrove	Elinor Dashwood	Marianne Dashwood
Fitzwilliam Darcy	George Knightley	Anna Weston	Anne Elliot	Augusta Elton	Captain Wentworth	Emma Woodhouse	Sir Thomas Bertram	Frank Churchill	Harriet Smith	George Knightley	George Knightley	Harriet Smith	Edmund Bertram	Isabella Knightley	Henry Tilney	Jane Fairfax	Colonel Brandon	John Knightley	Edward Ferrars	Miss Bates	Colonel Fitzwilliam	Frank Churchill	George Knightley	Edmund Bertram	Henry Crawford	Sir Thomas Bertram	General Tilney	Henry Tilney	Anne Elliot	Captain Wentworth	Colonel Brandon	Frank Churchill	George Knightley	Edmund Bertram	Henry Crawford	Sir Thomas Bertram	General Tilney	Henry Tilney	Anne Elliot	Captain Wentworth	Colonel Brandon	Frank Churchill	George Knightley	Edmund Bertram	Henry Crawford	Sir Thomas Bertram	General Tilney	Henry Tilney	Anne Elliot	Captain Wentworth	Colonel Brandon	Frank Churchill	George Knightley	Edmund Bertram	Henry Crawford	Sir Thomas Bertram	General Tilney	Henry Tilney	Anne Elliot	Captain Wentworth	Colonel Brandon
George Wickham	Frank Churchill	Frank Churchill	Philip Elton	Henry Crawford	Mary Crawford	Mr. Rushworth	Mr. Yates	John Thorpe	William Elliot	John Willoughby	Lucy Steele	Frank Churchill	Philip Elton	Henry Crawford	Mr. Rushworth	Mr. Yates	John Thorpe	Captain Benwick	William Elliot	John Willoughby	Lucy Steele	Anna Weston	Augusta Elton	Emma Woodhouse	Frank Churchill	George Knightley	Harriet Smith	Isabella Knightley	Jane Fairfax	John Knightley	Miss Bates	Frank Churchill	Philip Elton	Henry Crawford	Mr. Rushworth	Mr. Yates	John Thorpe	Captain Benwick	William Elliot	John Willoughby	Lucy Steele	Anna Weston	Augusta Elton	Emma Woodhouse	Frank Churchill	George Knightley	Harriet Smith	Isabella Knightley	Jane Fairfax	John Knightley	Miss Bates
Georgiana Darcy	Jane Fairfax	Jane Bennet	Jane Fairfax	Jane Bennet	Jane Fairfax	Jane Fairfax	Jane Fairfax	Jane Fairfax	Jane Fairfax	Jane Fairfax	Jane Fairfax	Jane Bennet	Jane Fairfax	Catherine Morland	Eleanor Tilney	Henrietta Musgrove	Louisa Musgrove	Jane Bennet	Margaret Dashwood	Marianne Dashwood	Mrs. Dashwood	Jane Bennet	Jane Fairfax	Catherine Morland	Frederick Tilney	Henry Tilney	Anne Elliot	Elizabeth Bennet	Jane Bennet	Elinor Dashwood	Marianne Dashwood	Jane Bennet	Jane Fairfax	Elinor Dashwood	Marianne Dashwood	Margaret Dashwood	Catherine Morland	Eleanor Tilney	Susan Price	Henrietta Musgrove	Lady Russell	Jane Fairfax	Fanny Price	Julia Bertram	Maria Bertram	Susan Price	Catherine Morland	Eleanor Tilney	Henrietta Musgrove	Louisa Musgrove	Jane Bennet
Jane Bennet	Emma Woodhouse	Emma Woodhouse	Jane Fairfax	Fanny Price	Julia Bertram	Maria Bertram	Susan Price	Catherine Morland	Henrietta Musgrove	Louisa Musgrove	Marianne Dashwood	Emma Woodhouse	Isabella Knightley	Jane Fairfax	Fanny Price	Julia Bertram	Maria Bertram	Susan Price	Catherine Morland	Frederick Tilney	Henrietta Musgrove	Emma Woodhouse	Jane Fairfax	Fanny Price	Julia Bertram	Maria Bertram	Susan Price	Catherine Morland	Henrietta Musgrove	Louisa Musgrove	Marianne Dashwood	Emma Woodhouse	Jane Fairfax	Edmund Bertram	Fanny Price	Catherine Morland	Eleanor Tilney	Anne Elliot	Elizabeth Elliot	Elizabeth Bennet	Elinor Dashwood	Emma Woodhouse	Isabella Knightley	Jane Fairfax	Fanny Price	Julia Bertram	Maria Bertram	Susan Price	Catherine Morland	Henrietta Musgrove	Louisa Musgrove
Kitty Bennet	Jane Bennet	Jane Bennet	Lydia Bennet	Mary Bennet	Elizabeth Bennet	Jane Bennet	Lydia Bennet	Mary Bennet	Elizabeth Bennet	Jane Bennet	Lydia Bennet	Jane Bennet	Lydia Bennet	Mary Bennet	Elizabeth Bennet	Marianne Dashwood	Elinor Dashwood	Margaret Dashwood	Catherine Morland	Isabella Thorpe	Henrietta Musgrove	Jane Bennet	Lydia Bennet	Mary Bennet	Elizabeth Bennet	Jane Bennet	Lady Catherine de Bourgh	Mrs. Bennet	Mr. Bennet	George Wickham	Georgiana Darcy	Jane Bennet	Lydia Bennet	Mary Bennet	Elizabeth Bennet	Jane Bennet	Marianne Dashwood	Elinor Dashwood	Margaret Dashwood	Catherine Morland	Isabella Thorpe	Jane Bennet	Lydia Bennet	Mary Bennet	Elizabeth Bennet	Jane Bennet	Lydia Bennet	Mary Bennet	Elizabeth Bennet	Jane Bennet	Lydia Bennet
Lady Catherine de Bourgh	Lady Russell	Augusta Elton	Emma Woodhouse	Lady Bertram	Mrs. Norris	Sir Thomas Bertram	General Tilney	Lady Russell	Sir Walter Elliot	Lady Catherine de Bourgh	Lady Middleton	Lady Russell	Augusta Elton	Mrs. Cole	Lady Bertram	Mrs. Norris	Sir Thomas Bertram	General Tilney	Lady Russell	Sir Walter Elliot	Lady Catherine de Bourgh	Lady Middleton	Augusta Elton	Emma Woodhouse	Lady Bertram	Mrs. Norris	Sir Thomas Bertram	General Tilney	Lady Russell	Sir Walter Elliot	Lady Catherine de Bourgh	Lady Middleton	Lady Russell	Sir Walter Elliot	Lady Catherine de Bourgh	Lady Lucas	Lady Middleton	Mrs. Jennings
Lady Lucas	Charlotte Lucas	Charlotte Lucas	Sir William Lucas	Mrs. Bennet	Mrs. Phillips	Mrs. Jennings	Lady Middleton	Lady Russell	Mrs. Norris	Mrs. Thorpe	Mrs. Allen	Charlotte Lucas	Sir William Lucas	Mrs. Bennet	Mrs. Dashwood	Mrs. Jennings	Lady Middleton	Lady Russell	Mrs. Norris	Mrs. Price	Mrs. Thorpe	Charlotte Lucas	Elizabeth Bennet	Jane Bennet	Lydia Bennet	Mary Bennet	Mrs. Bennet	Mrs. Phillips	Sir William Lucas	Lady Middleton	Mrs. Jennings	Charlotte Lucas	Sir William Lucas	Mrs. Bennet	Mrs. Phillips	Mrs. Jennings	Lady Middleton	Mrs. Dashwood	Lady Russell	Mrs. Allen	Mrs. Norris	Charlotte Lucas	Lady Catherine de Bourgh	Sir William Lucas	Lady Middleton	Mrs. Jennings	Sir John Middleton	Mrs. Cole	Philip Elton	Mrs. Hurst	Mr. Hurst
Lydia Bennet	Isabella Thorpe	Isabella Thorpe	John Thorpe	Mrs. Thorpe	Henrietta Musgrove	Louisa Musgrove	Mary Musgrove	Mrs. Clay	Caroline Bingley	George Wickham	John Willoughby	Isabella Thorpe	John Thorpe	Mrs. Thorpe	Elizabeth Elliot	Henrietta Musgrove	Louisa Musgrove	Mary Musgrove	Mrs. Clay	Jane Bennet	Lucy Steele	Isabella Thorpe	John Thorpe	Mrs. Thorpe	Anne Elliot	Elizabeth Elliot	Henrietta Musgrove	Louisa Musgrove	Mary Musgrove	Mrs. Clay	Lucy Steele	Isabella Thorpe	John Thorpe	Mrs. Thorpe	Henrietta Musgrove	Louisa Musgrove	Mrs. Clay	Charlotte Lucas	Anne Steele	Lucy Steele	John Willoughby	Anna Weston	Isabella Thorpe	John Thorpe	Mrs. Thorpe	Elizabeth Elliot	Henrietta Musgrove	Louisa Musgrove	Caroline Bingley	Charlotte Lucas	John Willoughby
Mary Bennet	Anna Weston	Anna Weston	Augusta Elton	Emma Woodhouse	Frank Churchill	George Knightley	Harriet Smith	Isabella Knightley	Jane Fairfax	John Knightley	Miss Bates	Elinor Dashwood	Fanny Dashwood	John Dashwood	John Willoughby	Lady Middleton	Lucy Steele	Margaret Dashwood	Marianne Dashwood	Mrs. Dashwood	Mrs. Jennings	Anna Weston	Elinor Dashwood	Fanny Dashwood	John Dashwood	John Willoughby	Lady Middleton	Lucy Steele	Margaret Dashwood	Marianne Dashwood	Mrs. Dashwood	Mrs. Jennings	Anna Weston	Augusta Elton	Emma Woodhouse	Frank Churchill	George Knightley	Harriet Smith	Isabella Knightley	Jane Fairfax	John Knightley	Miss Bates
Mr. Bennet	Anna Weston	Anna Weston	Augusta Elton	Emma Woodhouse	Frank Churchill	George Knightley	Harriet Smith	Isabella Knightley	Jane Fairfax	John Knightley	Miss Bates	Anna Weston	Augusta Elton	Emma Woodhouse	Frank Churchill	George Knightley	Harriet Smith	Isabella Knightley	Jane Fairfax	John Knightley	Miss Bates	Anna Weston	Augusta Elton	Emma Woodhouse	Frank Churchill	George Knightley	Harriet Smith	Isabella Knightley	Jane Fairfax	John Knightley	Miss Bates	Anna Weston	Augusta Elton	Emma Woodhouse	Frank Churchill	George Knightley	Harriet Smith	Isabella Knightley	Jane Fairfax	John Knightley	Miss Bates	Mr. Bennet
Mrs. Bennet	Augusta Elton	Augusta Elton	Mrs. Cole	Mrs. Norris	Mrs. Thorpe	Mrs. Clay	Mrs. Hurst	Mrs. Phillips	Charlotte Palmer	Fanny Dashwood	Mrs. Jennings	Augusta Elton	Mrs. Cole	Mrs. Norris	Mrs. Price	Mrs. Thorpe	Lady Russell	Mrs. Clay	Mrs. Musgrove	Lady Lucas	Mrs. Phillips	Augusta Elton	Mrs. Cole	Mrs. Norris	Mrs. Price	Mrs. Thorpe	Lady Russell	Mrs. Clay	Mrs. Musgrove	Mrs. Bennet	Mrs. Jennings	Augusta Elton	Mrs. Cole	Mrs. Norris	Mrs. Price	Mrs. Thorpe	Lady Russell	Mrs. Clay	Mrs. Musgrove	Mrs. Bennet	Mrs. Jennings	Augusta Elton	Mrs. Cole	Mrs. Norris	Mrs. Price	Mrs. Thorpe	Mrs. Clay	Mrs. Bennet	Mrs. Gardiner	Mrs. Phillips	Mrs. Jennings
Mr. Phillips	Anna Weston	Anna Weston	Augusta Elton	Emma Woodhouse	Frank Churchill	George Knightley	Harriet Smith	Isabella Knightley	Jane Fairfax	John Knightley	Miss Bates	Anna Weston	Augusta Elton	Emma Woodhouse	Frank Churchill	George Knightley	Harriet Smith	Isabella Knightley	Jane Fairfax	John Knightley	Miss Bates	Anna Weston	Augusta Elton	Emma Woodhouse	Frank Churchill	George Knightley	Harriet Smith	Isabella Knightley	Jane Fairfax	John Knightley	Miss Bates	Anna Weston	Augusta Elton	Emma Woodhouse	Frank Churchill	George Knightley	Harriet Smith	Isabella Knightley	Jane Fairfax	John Knightley	Miss Bates	Anna Weston	Augusta Elton	Emma Woodhouse	Frank Churchill	George Knightley	Harriet Smith	Isabella Knightley	Jane Fairfax	John Knightley	Miss Bates
Mrs. Gardiner	Mrs. Dashwood	Emma Woodhouse	Isabella Knightley	Miss Bates	Mrs. Cole	Mrs. Grant	Mrs. Allen	Mrs. Morland	Mrs. Musgrove	Mrs. Bennet	Mrs. Dashwood	Emma Woodhouse	Isabella Knightley	Miss Bates	Mrs. Cole	Mrs. Grant	Mrs. Norris	Mrs. Allen	Mrs. Morland	Mrs. Musgrove	Mrs. Dashwood	Charlotte Lucas	Elinor Dashwood	Marianne Dashwood	Mrs. Dashwood	Mrs. Jennings	Lady Middleton	Sir John Middleton	Mrs. Allen	Mrs. Morland	Lady Russell	Anna Weston	Isabella Knightley	Mrs. Cole	Mrs. Grant	Mrs. Norris	Mrs. Price	Mrs. Allen	Mrs. Musgrove	Mrs. Bennet	Mrs. Dashwood	Charlotte Lucas	Charlotte Palmer	Elinor Dashwood	Fanny Dashwood	Lady Middleton	Marianne Dashwood	Mrs. Dashwood	Mrs. Jennings	Sir John Middleton	Thomas Palmer
Mrs. Hurst	Anna Weston	Anna Weston	Augusta Elton	Emma Woodhouse	Frank Churchill	George Knightley	Harriet Smith	Isabella Knightley	Jane Fairfax	John Knightley	Miss Bates	Anna Weston	Augusta Elton	Emma Woodhouse	Frank Churchill	George Knightley	Harriet Smith	Isabella Knightley	Jane Fairfax	John Knightley	Miss Bates	Anna Weston	Augusta Elton	Emma Woodhouse	Frank Churchill	George Knightley	Harriet Smith	Isabella Knightley	Jane Fairfax	John Knightley	Miss Bates	Anna Weston	Augusta Elton	Emma Woodhouse	Frank Churchill	George Knightley	Harriet Smith	Isabella Knightley	Jane Fairfax	John Knightley	Miss Bates	Anna Weston	Augusta Elton	Emma Woodhouse	Frank Churchill	George Knightley	Harriet Smith	Isabella Knightley	Jane Fairfax	John Knightley	Miss Bates
Mr. Hurst	Mrs. Hurst	Mrs. Hurst	Mrs. Phillips	Mr. Phillips	Mrs. Bennet	Mr. Bennet	Lady Lucas	Lady Catherine de Bourgh	Jane Bennet	Georgiana Darcy	George Wickham	Mrs. Hurst	Mrs. Phillips	Mr. Phillips	Mrs. Bennet	Mr. Bennet	Mary Bennet	Lydia Bennet	Lady Lucas	Lady Catherine de Bourgh	Kitty Bennet	Mrs. Hurst	Mr. Phillips	Mrs. Phillips	Mrs. Bennet	Mr. Bennet	Sir William Lucas	Lady Lucas	Lady Catherine de Bourgh	Sir Walter Elliot	Mr. Musgrove	Mrs. Hurst	Mrs. Phillips	Mr. Phillips	Mrs. Bennet	Mr. Bennet	Mary Bennet	Lydia Bennet	Lady Lucas	Lady Catherine de Bourgh	Kitty Bennet	Mrs. Hurst	Mrs. Phillips	Mr. Phillips	Mrs. Bennet	Mr. Bennet	Lady Lucas	Lady Catherine de Bourgh	Jane Bennet	Georgiana Darcy	George Wickham
Mrs. Phillips	Anna Weston	Anna Weston	Augusta Elton	Emma Woodhouse	Frank Churchill	George Knightley	Harriet Smith	Isabella Knightley	Jane Fairfax	John Knightley	Miss Bates	Anna Weston	Augusta Elton	Emma Woodhouse	Frank Churchill	George Knightley	Harriet Smith	Isabella Knightley	Jane Fairfax	John Knightley	Miss Bates	Anna Weston	Augusta Elton	Emma Woodhouse	Frank Churchill	George Knightley	Harriet Smith	Isabella Knightley	Jane Fairfax	John Knightley	Miss Bates	Mr. Phillips	Mrs. Gardiner	Mrs. Hurst	Mr. Hurst	Mrs. Phillips	Sir William Lucas	William Collins	Anne Steele	Charlotte Palmer	Colonel Brandon	Mr. Phillips	Mrs. Phillips	Mrs. Gardiner	Mrs. Hurst	Mr. Hurst	Sir William Lucas	Lady Lucas	Mrs. Bennet	Mrs. Jennings	Lady Middleton
Sir William Lucas	Lady Lucas	Anna Weston	Augusta Elton	Emma Woodhouse	Frank Churchill	George Knightley	Harriet Smith	Isabella Knightley	Jane Fairfax	John Knightley	Miss Bates	Charlotte Lucas	Lady Lucas	Mr. Bennet	Mrs. Bennet	Mr. Phillips	Mrs. Phillips	Lady Middleton	Mrs. Jennings	Sir John Middleton	Thomas Palmer	Anna Weston	Augusta Elton	Emma Woodhouse	Frank Churchill	George Knightley	Harriet Smith	Isabella Knightley	Jane Fairfax	John Knightley	Miss Bates	Charlotte Lucas	Lady Lucas	Mr. Bennet	Mrs. Bennet	Mr. Phillips	Mrs. Phillips	Lady Middleton	Mrs. Jennings	Sir John Middleton	Thomas Palmer	Lady Lucas	Mr. Allen	Mrs. Allen	Mrs. Phillips	Mr. Phillips	Mrs. Bennet	Mr. Bennet	Mary Bennet	Lydia Bennet	Lady Catherine de Bourgh
William Collins	Augusta Elton	Augusta Elton	Philip Elton	Mr. Rushworth	Mr. Yates	Mrs. Norris	Mrs. Thorpe	Sir Walter Elliot	Lady Catherine de Bourgh	Mr. Phillips	Mrs. Phillips	Augusta Elton	Philip Elton	Mr. Rushworth	Mr. Yates	Mrs. Norris	Mrs. Thorpe	Sir Walter Elliot	Lady Catherine de Bourgh	Mr. Phillips	Mrs. Phillips	Augusta Elton	Philip Elton	Mr. Rushworth	Mr. Yates	Mrs. Norris	Mrs. Thorpe	Lady Russell	Sir Walter Elliot	Lady Catherine de Bourgh	Lady Middleton	Augusta Elton	Philip Elton	Mr. Rushworth	Mr. Yates	General Tilney	Mr. Shepherd	Sir Walter Elliot	William Elliot	Lady Catherine de Bourgh	Lady Middleton	Augusta Elton	Philip Elton	Mrs. Norris	Mrs. Thorpe	Lady Russell	Mr. Shepherd	Mrs. Clay	Sir Walter Elliot	Lady Catherine de Bourgh	Lady Middleton
Anne Steele	Augusta Elton	Anna Weston	Augusta Elton	Emma Woodhouse	Frank Churchill	George Knightley	Harriet Smith	Isabella Knightley	Jane Fairfax	John Knightley	Miss Bates	Augusta Elton	Emma Woodhouse	Harriet Smith	Philip Elton	Robert Martin	Mary Crawford	Isabella Thorpe	John Thorpe	Mrs. Thorpe	Lucy Steele	Charlotte Palmer	Lucy Steele	Fanny Dashwood	John Willoughby	Mrs. Jennings	Charlotte Lucas	Isabella Thorpe	John Thorpe	Mrs. Thorpe	Mrs. Hurst	Augusta Elton	Emma Woodhouse	Philip Elton	Mary Crawford	Isabella Thorpe	John Thorpe	Mrs. Thorpe	Mrs. Clay	Mrs. Hurst	Lucy Steele	Augusta Elton	Emma Woodhouse	Philip Elton	Mary Crawford	Isabella Thorpe	John Thorpe	Mrs. Thorpe	Mrs. Clay	Mrs. Hurst	Lucy Steele
Charlotte Palmer	Charlotte Lucas	Anna Weston	Augusta Elton	Emma Woodhouse	Frank Churchill	George Knightley	Harriet Smith	Isabella Knightley	Jane Fairfax	John Knightley	Miss Bates	Charlotte Lucas	Lady Lucas	Mrs. Bennet	Mrs. Gardiner	Mrs. Phillips	Anne Steele	Fanny Dashwood	Lady Middleton	Lucy Steele	Mrs. Jennings	Anna Weston	Augusta Elton	Emma Woodhouse	Frank Churchill	George Knightley	Harriet Smith	Isabella Knightley	Jane Fairfax	John Knightley	Miss Bates	Charlotte Lucas	Mrs. Bennet	Mrs. Hurst	Mr. Hurst	Mrs. Phillips	Anne Steele	Fanny Dashwood	Lady Middleton	Mrs. Jennings	Sir John Middleton	Charlotte Lucas	Mrs. Hurst	Mr. Hurst	Mrs. Phillips	Anne Steele	Fanny Dashwood	Lady Middleton	Lucy Steele	Mrs. Jennings	Sir John Middleton
Colonel Brandon	Frank Churchill	Anna Weston	Augusta Elton	Emma Woodhouse	Frank Churchill	George Knightley	Harriet Smith	Isabella Knightley	Jane Fairfax	John Knightley	Miss Bates	Colonel Fitzwilliam	Edward Ferrars	John Willoughby	Captain Wentworth	Fitzwilliam Darcy	Frank Churchill	Henry Crawford	Charles Hayter	Captain Benwick	Isabella Thorpe	Frank Churchill	George Knightley	Edmund Bertram	Henry Crawford	Sir Thomas Bertram	Henry Tilney	Captain Benwick	Charles Hayter	Captain Wentworth	Colonel Fitzwilliam	Colonel Fitzwilliam	Edward Ferrars	John Willoughby	Captain Wentworth	Fitzwilliam Darcy	William Collins	Admiral Croft	Captain Benwick	Captain Harville	Charles Hayter	Colonel Fitzwilliam	Edward Ferrars	John Willoughby	Captain Wentworth	Fitzwilliam Darcy	Julia Bertram	Henry Crawford	Frank Churchill	Henry Tilney	Captain Benwick
Edward Ferrars	Anna Weston	Anna Weston	Augusta Elton	Emma Woodhouse	Frank Churchill	George Knightley	Harriet Smith	Isabella Knightley	Jane Fairfax	John Knightley	Miss Bates	Anna Weston	Augusta Elton	Emma Woodhouse	Frank Churchill	George Knightley	Harriet Smith	Isabella Knightley	Jane Fairfax	John Knightley	Miss Bates	Anna Weston	Augusta Elton	Emma Woodhouse	Frank Churchill	George Knightley	Harriet Smith	Isabella Knightley	Jane Fairfax	John Knightley	Miss Bates	Anna Weston	Augusta Elton	Emma Woodhouse	Frank Churchill	George Knightley	Harriet Smith	Isabella Knightley	Jane Fairfax	John Knightley	Miss Bates	Anna Weston	Augusta Elton	Emma Woodhouse	Frank Churchill	George Knightley	Harriet Smith	Isabella Knightley	Jane Fairfax	John Knightley	Miss Bates
Elinor Dashwood	Emma Woodhouse	Emma Woodhouse	Jane Fairfax	Fanny Price	Mary Crawford	Catherine Morland	Eleanor Tilney	Anne Elliot	Lady Russell	Elizabeth Bennet	Elinor Dashwood	Emma Woodhouse	Fanny Price	Catherine Morland	Eleanor Tilney	Anne Elliot	Charlotte Lucas	Elizabeth Bennet	Jane Bennet	Elinor Dashwood	Marianne Dashwood	Emma Woodhouse	Edmund Bertram	Fanny Price	Eleanor Tilney	Anne Elliot	Elizabeth Bennet	Jane Bennet	Elinor Dashwood	Marianne Dashwood	Anna Weston	Augusta Elton	Emma Woodhouse	Frank Churchill	George Knightley	Harriet Smith	Isabella Knightley	Jane Fairfax	John Knightley	Miss Bates	Emma Woodhouse	Fanny Price	Catherine Morland	Eleanor Tilney	Anne Elliot	Elizabeth Bennet
Fanny Dashwood	Augusta Elton	Augusta Elton	Emma Woodhouse	Philip Elton	Mary Crawford	Mrs. Norris	Mrs. Thorpe	Caroline Bingley	Lady Catherine de Bourgh	Mrs. Hurst	Mrs. Phillips	Augusta Elton	Emma Woodhouse	Mrs. Cole	Philip Elton	Mary Crawford	Mrs. Norris	Mrs. Price	Mrs. Rushworth	Mrs. Thorpe	Mrs. Hurst	Augusta Elton	Emma Woodhouse	Mrs. Cole	Philip Elton	Mary Crawford	Mrs. Norris	Mrs. Price	Mrs. Thorpe	Mrs. Clay	Mrs. Hurst	Augusta Elton	Emma Woodhouse	Mrs. Cole	Philip Elton	Mrs. Norris	Mrs. Price	Mrs. Rushworth	Mrs. Thorpe	Mrs. Clay	Mrs. Hurst	Augusta Elton	Philip Elton	Mary Crawford	Mrs. Norris	Mrs. Thorpe	Mrs. Clay	Lady Catherine de Bourgh	Mrs. Hurst	Mrs. Phillips	Lady Middleton
John Dashwood	Anna Weston	Anna Weston	Augusta Elton	Emma Woodhouse	Frank Churchill	George Knightley	Harriet Smith	Isabella Knightley	Jane Fairfax	John Knightley	Miss Bates	Anna Weston	Augusta Elton	Emma Woodhouse	Frank Churchill	George Knightley	Harriet Smith	Isabella Knightley	Jane Fairfax	John Knightley	Miss Bates	Anna Weston	Philip Elton	Augusta Elton	Mrs. Norris	Emma Woodhouse	Mrs. Price	Frank Churchill	Sir Walter Elliot	George Knightley	William Elliot	Harriet Smith	Lady Catherine de Bourgh	Isabella Knightley	Mrs. Bennet	Jane Fairfax	Mr. Phillips	John Knightley	Mrs. Phillips	Miss Bates	Fanny Dashwood	Anna Weston	Augusta Elton	Emma Woodhouse	Frank Churchill	George Knightley	Harriet Smith	Isabella Knightley	Jane Fairfax	John Knightley	Miss Bates	Anna Weston	Augusta Elton	Emma Woodhouse	Frank Churchill	George Knightley	Harriet Smith	Isabella Knightley	Jane Fairfax	John Knightley	Miss Bates
John Willoughby	George Wickham	George Wickham	Frank Churchill	Henry Crawford	Mary Crawford	Mr. Rushworth	Mr. Yates	John Thorpe	Captain Benwick	Charles Hayter	William Elliot	George Wickham	George Wickham	Henry Crawford	Mary Crawford	John Thorpe	William Elliot	William Collins	Lucy Steele	Julia Bertram	Maria Bertram	Mr. Rushworth	Anna Weston	Augusta Elton	Emma Woodhouse	Frank Churchill	George Knightley	Harriet Smith	Isabella Knightley	Jane Fairfax	John Knightley	Miss Bates	George Wickham	Henry Crawford	Mary Crawford	John Thorpe	William Elliot	William Collins	Lucy Steele	Julia Bertram	Maria Bertram	Mr. Rushworth
Lady Middleton	Anna Weston	Anna Weston	Augusta Elton	Emma Woodhouse	Frank Churchill	George Knightley	Harriet Smith	Isabella Knightley	Jane Fairfax	John Knightley	Miss Bates	Anna Weston	Augusta Elton	Emma Woodhouse	Frank Churchill	George Knightley	Harriet Smith	Isabella Knightley	Jane Fairfax	John Knightley	Miss Bates	Anna Weston	Augusta Elton	Emma Woodhouse	Frank Churchill	George Knightley	Harriet Smith	Isabella Knightley	Jane Fairfax	John Knightley	Miss Bates	Anna Weston	Augusta Elton	Emma Woodhouse	Frank Churchill	George Knightley	Harriet Smith	Isabella Knightley	Jane Fairfax	John Knightley	Miss Bates	Anna Weston	Augusta Elton	Emma Woodhouse	Frank Churchill	George Knightley	Harriet Smith	Isabella Knightley	Jane Fairfax	John Knightley	Miss Bates
Lucy Steele	Augusta Elton	Anna Weston	Augusta Elton	Emma Woodhouse	Frank Churchill	George Knightley	Harriet Smith	Isabella Knightley	Jane Fairfax	John Knightley	Miss Bates	Augusta Elton	Emma Woodhouse	Philip Elton	Edmund Bertram	Henry Crawford	Mary Crawford	Isabella Thorpe	John Thorpe	Mrs. Thorpe	John Willoughby	Augusta Elton	Emma Woodhouse	Philip Elton	Edmund Bertram	Henry Crawford	Mary Crawford	Mrs. Norris	Isabella Thorpe	Mrs. Thorpe	Fanny Dashwood	Augusta Elton	Emma Woodhouse	Philip Elton	Edmund Bertram	Henry Crawford	Mary Crawford	Mrs. Norris	Isabella Thorpe	Mrs. Thorpe	Fanny Dashwood	Anna Weston	Augusta Elton	Emma Woodhouse	Frank Churchill	George Knightley	Harriet Smith	Isabella Knightley	Jane Fairfax	John Knightley	Miss Bates
Margaret Dashwood	Anna Weston	Anna Weston	Augusta Elton	Emma Woodhouse	Frank Churchill	George Knightley	Harriet Smith	Isabella Knightley	Jane Fairfax	John Knightley	Miss Bates	Anna Weston	Augusta Elton	Emma Woodhouse	Frank Churchill	George Knightley	Harriet Smith	Isabella Knightley	Jane Fairfax	John Knightley	Miss Bates	Anna Weston	Augusta Elton	Emma Woodhouse	Frank Churchill	George Knightley	Harriet Smith	Isabella Knightley	Jane Fairfax	John Knightley	Miss Bates	Anna Weston	Augusta Elton	Emma Woodhouse	Frank Churchill	George Knightley	Harriet Smith	Isabella Knightley	Jane Fairfax	John Knightley	Miss Bates	Anna Weston	Augusta Elton	Emma Woodhouse	Frank Churchill	George Knightley	Harriet Smith	Isabella Knightley	Jane Fairfax	John Knightley	Miss Bates
Marianne Dashwood	Emma Woodhouse	Emma Woodhouse	Jane Fairfax	Fanny Price	Mary Crawford	Catherine Morland	Isabella Thorpe	Anne Elliot	Elizabeth Bennet	Jane Bennet	Marianne Dashwood	Emma Woodhouse	Jane Fairfax	Edmund Bertram	Henry Crawford	Mary Crawford	Henry Tilney	Anne Elliot	Charles Bingley	Fitzwilliam Darcy	John Willoughby	Emma Woodhouse	Jane Fairfax	Fanny Price	Julia Bertram	Mary Crawford	Catherine Morland	Isabella Thorpe	Henrietta Musgrove	Louisa Musgrove	Lydia Bennet	Emma Woodhouse	Jane Fairfax	Fanny Price	Mary Crawford	Catherine Morland	Isabella Thorpe	Anne Elliot	Elizabeth Bennet	Jane Bennet	Elinor Dashwood	Emma Woodhouse	Fanny Price	Mary Crawford	Catherine Morland	Isabella Thorpe	Anne Elliot	Henrietta Musgrove	Louisa Musgrove	Elizabeth Bennet	Jane Bennet
Mrs. Dashwood	Elinor Dashwood	Elinor Dashwood	Fanny Dashwood	John Dashwood	Margaret Dashwood	Marianne Dashwood	Mrs. Jennings	Sir John Middleton	Mrs. Price	Mrs. Morland	Mrs. Bennet	Elinor Dashwood	Fanny Dashwood	John Dashwood	Margaret Dashwood	Marianne Dashwood	Mrs. Jennings	Sir John Middleton	Mrs. Allen	Mrs. Morland	Mrs. Musgrove	Elinor Dashwood	Fanny Dashwood	John Dashwood	Margaret Dashwood	Marianne Dashwood	Mrs. Jennings	Sir John Middleton	Lady Middleton	Charlotte Palmer	Colonel Brandon	Elinor Dashwood	Fanny Dashwood	John Dashwood	Lady Middleton	Margaret Dashwood	Marianne Dashwood	Mrs. Jennings	Sir John Middleton	Thomas Palmer	Elinor Dashwood	Fanny Dashwood	John Dashwood	Margaret Dashwood	Marianne Dashwood	Mrs. Jennings	Sir John Middleton	Charlotte Lucas	Mrs. Allen	Mrs. Morland
Mrs. Jennings	Augusta Elton	Anna Weston	Augusta Elton	Emma Woodhouse	Frank Churchill	George Knightley	Harriet Smith	Isabella Knightley	Jane Fairfax	John Knightley	Miss Bates	Anna Weston	Augusta Elton	Emma Woodhouse	Frank Churchill	George Knightley	Harriet Smith	Isabella Knightley	Jane Fairfax	John Knightley	Miss Bates	Augusta Elton	Mr. Weston	Mrs. Cole	Mrs. Grant	Mrs. Norris	Mrs. Allen	Mrs. Clay	Mrs. Harville	Mrs. Musgrove	Mrs. Phillips	Anna Weston	Augusta Elton	Emma Woodhouse	Frank Churchill	George Knightley	Harriet Smith	Isabella Knightley	Jane Fairfax	John Knightley	Miss Bates	Anna Weston	Augusta Elton	Emma Woodhouse	Frank Churchill	George Knightley	Harriet Smith	Isabella Knightley	Jane Fairfax	John Knightley	Miss Bates
Robert Ferrars	Augusta Elton	Philip Elton	Edmund Bertram	Henry Crawford	Julia Bertram	Maria Bertram	Mr. Rushworth	Mr. Yates	Mrs. Norris	Sir Thomas Bertram	William Elliot	Anna Weston	Augusta Elton	Emma Woodhouse	Frank Churchill	George Knightley	Harriet Smith	Isabella Knightley	Jane Fairfax	John Knightley	Miss Bates	Anna Weston	Augusta Elton	Augusta Elton	Philip Elton	Emma Woodhouse	Julia Bertram	Frank Churchill	Maria Bertram	George Knightley	Mary Crawford	Harriet Smith	Mr. Rushworth	Isabella Knightley	Mr. Yates	Jane Fairfax	Mrs. Norris	John Knightley	Sir Thomas Bertram	Miss Bates	William Elliot	Philip Elton	Edmund Bertram	Henry Crawford	Julia Bertram	Maria Bertram	Mary Crawford	Mr. Rushworth	Mr. Yates	Sir Thomas Bertram	William Elliot	Anna Weston	Augusta Elton	Emma Woodhouse	Frank Churchill	George Knightley	Harriet Smith	Isabella Knightley	Jane Fairfax	John Knightley	Miss Bates
Sir John Middleton	Anna Weston	Anna Weston	Augusta Elton	Emma Woodhouse	Frank Churchill	George Knightley	Harriet Smith	Isabella Knightley	Jane Fairfax	John Knightley	Miss Bates	Anna Weston	Augusta Elton	Emma Woodhouse	Frank Churchill	George Knightley	Harriet Smith	Isabella Knightley	Jane Fairfax	John Knightley	Miss Bates	Anna Weston	Augusta Elton	Emma Woodhouse	Frank Churchill	George Knightley	Harriet Smith	Isabella Knightley	Jane Fairfax	John Knightley	Miss Bates	Anna Weston	Augusta Elton	Emma Woodhouse	Frank Churchill	George Knightley	Harriet Smith	Isabella Knightley	Jane Fairfax	John Knightley	Miss Bates	Anna Weston	Augusta Elton	Emma Woodhouse	Frank Churchill	George Knightley	Harriet Smith	Isabella Knightley	Jane Fairfax	John Knightley	Miss Bates
Thomas Palmer	Charlotte Palmer	Charlotte Palmer	Mrs. Jennings	Lady Middleton	Sir John Middleton	Colonel Brandon	John Dashwood	Fanny Dashwood	Lucy Steele	Robert Ferrars	John Willoughby	Charlotte Palmer	Colonel Brandon	Edward Ferrars	Fanny Dashwood	John Dashwood	John Willoughby	Lady Middleton	Mrs. Jennings	Robert Ferrars	Sir John Middleton	Charlotte Palmer	Lady Middleton	Mrs. Jennings	Sir John Middleton	Colonel Brandon	Edward Ferrars	Elinor Dashwood	Fanny Dashwood	John Dashwood	John Willoughby	Charlotte Palmer	Lady Middleton	Mrs. Jennings	Sir John Middleton	Charlotte Palmer
